date,ticker,name,stock_exchange,sector,economic_risk_region,avg_daily_volume_m,market_cap_b,revenue_b,net_income_b,operating_margin,price_ltm_sales,pe_ratio,fcf_yield,return_on_common,cash_ratio,price_52w_high_pct
2026-05-01,WDAY,Workday,NasdaqGS,Information Technology,Developed,5.644,32.635,9.552,0.693,10.7%,3.4x,47.1x,8.5%,8.2%,85.3%,46.0%
2026-05-01,TDC,Teradata,NYSE,Information Technology,Developed,2.102,2.643,1.663,0.13,12.6%,1.6x,20.3x,10.8%,71.6%,53.9%,66.9%
2026-05-01,Q,Qnity Electronics,NYSE,Information Technology,Developed,2.186,30.019,4.754,0.729,21.5%,6.3x,43.4x,3.3%,7.8%,67.5%,97.7%
2026-05-01,OTEX,Open Text,NasdaqGS,Information Technology,Developed,2.159,5.779,5.18,0.437,20.5%,1.1x,13.2x,15.2%,10.5%,51.0%,59.3%
2026-05-01,ONTO,Onto Innovation,NYSE,Information Technology,Developed,0.901,14.571,1.005,0.137,21.2%,14.5x,106.5x,2.1%,6.8%,292.1%,92.7%
2026-05-01,KD,Kyndryl Holdings,NYSE,Information Technology,Developed,5.708,3.237,15.123,0.25,4.3%,0.2x,12.9x,9.2%,21.9%,26.7%,32.5%
2026-05-01,IT,Gartner,NYSE,Information Technology,Developed,1.709,9.883,6.497,0.729,18.1%,1.5x,13.6x,11.9%,86.9%,42.3%,32.4%
2026-05-01,FICO,Fair Isaac,NYSE,Information Technology,Developed,0.381,24.014,2.256,0.76,50.9%,10.6x,31.6x,3.8%,-47.1%,54.1%,46.7%
2026-05-01,EPAM,EPAM Systems,NYSE,Information Technology,Developed,1.419,5.926,5.457,0.378,10.7%,1.1x,15.7x,10.3%,10.3%,132.7%,50.5%
2026-05-01,DOCU,DocuSign,NasdaqGS,Information Technology,Developed,4.851,9.318,3.22,0.309,9.3%,2.9x,30.1x,11.4%,15.8%,42.5%,50.7%
2026-05-01,CTSH,Cognizant,NasdaqGS,Information Technology,Developed,7.138,24.845,21.406,2.229,15.8%,1.2x,11.1x,9.9%,14.9%,43.1%,60.6%
2026-05-01,BMI,Badger Meter,NYSE,Information Technology,Developed,0.553,3.56,0.897,0.131,18.9%,4.0x,27.3x,4.7%,19.6%,121.3%,48.0%
2026-05-01,AMAT,Applied Materials,NasdaqGS,Information Technology,Developed,7.004,308.8,28.214,7.839,29.9%,10.9x,39.4x,2.0%,38.9%,109.8%,92.5%
2026-05-01,ADSK,Autodesk,NasdaqGS,Information Technology,Developed,2.201,51.558,7.206,1.124,25.1%,7.2x,45.9x,4.7%,39.7%,44.7%,74.3%
2026-05-01,ADBE,Adobe,NasdaqGS,Information Technology,Developed,5.973,101.3,24.453,7.208,36.9%,4.1x,14.1x,10.2%,58.8%,60.6%,59.3%
2026-04-01,WDAY,Workday,NasdaqGS,Information Technology,Developed,5.128,33.172,9.552,0.693,10.7%,3.5x,47.9x,8.4%,8.2%,85.3%,46.8%
2026-04-01,TXN,Texas Instruments,NasdaqGS,Information Technology,Developed,7.778,178.7,17.682,5.001,34.6%,10.1x,35.9x,1.5%,30.0%,154.5%,84.9%
2026-04-01,QLYS,Qualys,NasdaqGS,Information Technology,Developed,0.673,3.075,0.669,0.198,33.2%,4.6x,15.5x,9.9%,38.2%,95.4%,55.4%
2026-04-01,QCOM,Qualcomm,NasdaqGS,Information Technology,Developed,11.443,135.8,44.867,5.365,27.2%,3.0x,25.3x,9.5%,21.5%,120.4%,62.5%
2026-04-01,OTEX,Open Text,NasdaqGS,Information Technology,Developed,2.082,5.615,5.18,0.437,20.5%,1.1x,12.9x,15.6%,10.5%,51.0%,57.6%
2026-04-01,ORCL,Oracle,NYSE,Information Technology,Developed,27.263,417.7,64.076,16.21,32.2%,6.5x,25.8x,-5.9%,64.4%,96.1%,42.2%
2026-04-01,KVYO,Klaviyo,NYSE,Information Technology,Developed,4.408,5.925,1.234,-0.032,-5.1%,4.8x,-186.5x,3.5%,-2.8%,377.3%,51.4%
2026-04-01,KD,Kyndryl Holdings,NYSE,Information Technology,Developed,5.207,2.897,15.123,0.25,4.3%,0.2x,11.6x,10.3%,21.9%,26.7%,29.1%
2026-04-01,IT,Gartner,NYSE,Information Technology,Developed,1.618,10.905,6.497,0.729,18.1%,1.7x,15.0x,10.8%,86.9%,42.3%,34.3%
2026-04-01,INTU,Intuit,NasdaqGS,Information Technology,Developed,3.944,117.8,20.121,4.34,27.1%,5.9x,27.1x,5.8%,23.5%,33.6%,52.5%
2026-04-01,EPAM,EPAM Systems,NYSE,Information Technology,Developed,1.186,7.315,5.457,0.378,10.7%,1.3x,19.4x,8.4%,10.3%,132.7%,60.7%
2026-04-01,ENTG,Entegris,NasdaqGS,Information Technology,Developed,2.955,18.05,3.197,0.236,15.2%,5.6x,76.6x,2.2%,6.2%,73.8%,83.3%
2026-04-01,DOCU,DocuSign,NasdaqGS,Information Technology,Developed,5.029,9.366,3.22,0.309,9.3%,2.9x,30.3x,11.3%,15.8%,42.5%,50.9%
2026-04-01,AMAT,Applied Materials,NasdaqGS,Information Technology,Developed,7.787,280.8,28.214,7.839,29.9%,10.0x,35.8x,2.2%,38.9%,109.8%,89.4%
2026-04-01,ADBE,Adobe,NasdaqGS,Information Technology,Developed,5.886,97.562,24.453,7.208,36.9%,4.0x,13.5x,10.6%,58.8%,60.6%,57.1%
2026-03-01,TYL,Tyler Technologies,NYSE,Information Technology,Developed,0.609,15.246,2.332,0.316,15.4%,6.5x,48.3x,4.2%,8.9%,62.5%,56.6%
2026-03-01,TXN,Texas Instruments,NasdaqGS,Information Technology,Developed,7.762,192.5,17.682,5.001,34.6%,10.9x,38.7x,1.4%,30.0%,154.5%,91.7%
2026-03-01,TER,Teradyne,NasdaqGS,Information Technology,Developed,3.278,50.103,3.19,0.554,21.4%,15.7x,90.4x,0.9%,19.7%,28.9%,92.8%
2026-03-01,ROP,Roper Technologies,NasdaqGS,Information Technology,Developed,1.56,35.997,7.902,1.536,28.3%,4.6x,23.4x,6.9%,7.9%,8.0%,59.2%
2026-03-01,QLYS,Qualys,NasdaqGS,Information Technology,Developed,0.585,3.299,0.669,0.198,33.2%,4.9x,16.6x,9.2%,38.2%,95.4%,59.5%
2026-03-01,QCOM,Qualcomm,NasdaqGS,Information Technology,Developed,9.488,151.9,44.867,5.365,27.2%,3.4x,28.3x,8.5%,21.5%,120.4%,69.5%
2026-03-01,OTEX,Open Text,NasdaqGS,Information Technology,Developed,1.752,6.17,5.18,0.437,20.5%,1.2x,14.1x,14.2%,10.5%,51.0%,62.6%
2026-03-01,ORCL,Oracle,NYSE,Information Technology,Developed,28.519,417.9,61.016,15.425,31.8%,6.8x,27.1x,-3.2%,70.6%,52.3%,42.2%
2026-03-01,ONTO,Onto Innovation,NYSE,Information Technology,Developed,0.907,10.73,1.005,0.137,21.2%,10.7x,78.5x,2.8%,6.8%,292.1%,92.9%
2026-03-01,KVYO,Klaviyo,NYSE,Information Technology,Developed,3.872,5.306,1.234,-0.032,-5.1%,4.3x,-167.0x,3.9%,-2.8%,377.3%,42.9%
2026-03-01,KD,Kyndryl Holdings,NYSE,Information Technology,Developed,4.645,2.78,15.123,0.25,4.3%,0.2x,11.1x,10.8%,21.9%,26.7%,27.9%
2026-03-01,ENTG,Entegris,NasdaqGS,Information Technology,Developed,3.043,20.119,3.197,0.236,15.2%,6.3x,85.4x,2.0%,6.2%,73.8%,92.9%
2026-03-01,CSIQ,Canadian Solar,NasdaqGS,Information Technology,Developed,3.361,1.186,5.899,-0.188,1.7%,0.2x,73.6x,-146.2%,0.6%,29.5%,51.2%
2026-03-01,CHKP,Check Point Software,NasdaqGS,Information Technology,Developed,1.322,16.325,2.725,1.057,30.5%,6.0x,15.4x,7.4%,37.3%,155.7%,64.9%
2026-03-01,ADSK,Autodesk,NasdaqGS,Information Technology,Developed,2.017,52.023,7.206,1.124,24.9%,7.2x,46.3x,4.6%,39.7%,44.7%,74.7%
2026-02-01,ZBRA,Zebra Technologies,NasdaqGS,Information Technology,Developed,0.643,11.904,5.255,0.512,15.3%,2.3x,23.3x,6.7%,14.3%,65.7%,58.7%
2026-02-01,UCTT,Ultra Clean,NasdaqGS,Information Technology,Developed,0.712,1.983,2.111,-0.151,2.8%,0.9x,-12.3x,0.9%,-20.6%,107.1%,89.8%
2026-02-01,TDC,Teradata,NYSE,Information Technology,Developed,1.515,2.658,1.651,0.118,11.8%,1.6x,22.5x,10.7%,68.6%,44.8%,87.3%
2026-02-01,SWKS,Skyworks Solutions,NasdaqGS,Information Technology,Developed,3.391,8.29,4.087,0.477,12.5%,2.0x,17.4x,13.3%,7.9%,103.9%,62.0%
2026-02-01,ROP,Roper Technologies,NasdaqGS,Information Technology,Developed,1.18,39.573,7.902,1.536,28.3%,5.0x,25.8x,6.3%,7.9%,8.0%,62.8%
2026-02-01,QCOM,Qualcomm,NasdaqGS,Information Technology,Developed,8.969,161.9,44.284,5.541,28.0%,3.7x,29.2x,7.9%,23.3%,111.1%,74.0%
2026-02-01,OTEX,Open Text,NasdaqGS,Information Technology,Developed,1.157,6.329,5.188,0.498,20.5%,1.2x,12.7x,14.3%,12.3%,44.3%,64.5%
2026-02-01,ORCL,Oracle,NYSE,Information Technology,Developed,26.362,472.9,61.016,15.425,31.8%,7.7x,30.7x,-2.8%,70.6%,52.3%,47.8%
2026-02-01,ONTO,Onto Innovation,NYSE,Information Technology,Developed,0.842,10.032,1.002,0.175,19.4%,10.0x,57.3x,2.6%,9.0%,604.1%,89.0%
2026-02-01,NOW,ServiceNow,NYSE,Information Technology,Developed,7.599,122.4,13.278,1.748,15.1%,9.2x,70.0x,3.7%,15.5%,60.2%,55.3%
2026-02-01,INTU,Intuit,NasdaqGS,Information Technology,Developed,2.151,138.8,19.433,4.118,26.7%,7.1x,33.7x,4.6%,22.0%,49.2%,61.5%
2026-02-01,CSIQ,Canadian Solar,NasdaqGS,Information Technology,Developed,5.294,1.281,5.899,-0.188,1.7%,0.2x,79.5x,-135.4%,0.6%,29.5%,55.3%
2026-02-01,CRM,Salesforce,NYSE,Information Technology,Developed,8.283,198.9,40.317,7.222,22.0%,4.9x,27.5x,6.5%,12.2%,52.9%,61.1%
2026-02-01,BMI,Badger Meter,NYSE,Information Technology,Developed,0.307,4.32,0.917,0.142,20.0%,4.7x,30.5x,3.9%,21.5%,150.0%,57.5%
2026-02-01,AMAT,Applied Materials,NasdaqGS,Information Technology,Developed,7.499,255.8,28.368,6.998,30.0%,9.0x,36.6x,2.2%,35.5%,107.2%,93.5%
2026-01-01,ZBRA,Zebra Technologies,NasdaqGS,Information Technology,Developed,0.673,12.301,5.255,0.512,15.3%,2.3x,24.0x,6.4%,14.3%,65.7%,56.8%
2026-01-01,TER,Teradyne,NasdaqGS,Information Technology,Developed,3.309,30.313,2.86,0.443,18.0%,10.6x,68.4x,1.5%,15.8%,29.9%,94.4%
2026-01-01,TDC,Teradata,NYSE,Information Technology,Developed,1.547,2.837,1.651,0.118,11.8%,1.7x,24.0x,10.0%,68.6%,44.8%,92.2%
2026-01-01,SNDK,SanDisk,NasdaqGS,Information Technology,Developed,10.688,34.789,7.78,-1.74,5.0%,4.5x,-20.0x,1.5%,-16.2%,95.1%,83.4%
2026-01-01,OTEX,Open Text,NasdaqGS,Information Technology,Developed,1.037,8.076,5.188,0.498,20.5%,1.6x,16.2x,11.2%,12.3%,44.3%,82.3%
2026-01-01,ONTO,Onto Innovation,NYSE,Information Technology,Developed,0.925,7.838,1.002,0.175,19.4%,7.8x,44.8x,3.3%,9.0%,604.1%,69.1%
2026-01-01,ON,ON Semiconductor,NasdaqGS,Information Technology,Developed,9.123,21.789,6.188,0.322,19.7%,3.5x,68.3x,6.2%,3.9%,237.3%,80.8%
2026-01-01,NTAP,NetApp,NasdaqGS,Information Technology,Developed,1.914,21.21,6.637,1.177,22.6%,3.2x,18.0x,7.9%,125.3%,87.0%,84.9%
2026-01-01,NSIT,Insight Enterprises,NasdaqGS,Information Technology,Developed,0.421,2.524,8.272,0.142,4.7%,0.3x,17.7x,13.2%,8.5%,10.9%,44.8%
2026-01-01,MCHP,Microchip Technology,NasdaqGS,Information Technology,Developed,8.274,34.437,4.212,-0.185,3.7%,8.2x,-141.8x,2.2%,-3.7%,22.7%,83.9%
2026-01-01,CSIQ,Canadian Solar,NasdaqGS,Information Technology,Developed,4.881,1.592,5.899,-0.188,1.7%,0.3x,98.8x,-108.9%,0.6%,29.5%,68.7%
2026-01-01,CIEN,Ciena Corp,NYSE,Information Technology,Developed,2.902,32.942,4.77,0.123,6.5%,6.9x,267.1x,2.0%,4.4%,100.0%,94.3%
2026-01-01,CHKP,Check Point Software,NasdaqGS,Information Technology,Developed,0.856,19.921,2.684,1.01,31.8%,7.4x,19.7x,5.7%,34.2%,85.8%,79.2%
2026-01-01,AMKR,Amkor Technology,NasdaqGS,Information Technology,Developed,3.311,9.759,6.449,0.309,6.5%,1.5x,31.7x,2.4%,7.3%,93.3%,83.5%
2026-01-01,ADSK,Autodesk,NasdaqGS,Information Technology,Developed,1.389,62.631,6.888,1.111,24.2%,9.1x,56.4x,3.4%,40.3%,48.3%,89.9%
2025-12-01,ZBRA,Zebra Technologies,NasdaqGS,Information Technology,Developed,0.648,12.73,5.255,0.512,15.3%,2.4x,24.9x,6.2%,14.3%,65.7%,58.7%
2025-12-01,TDC,Teradata,NYSE,Information Technology,Developed,1.433,2.742,1.651,0.118,11.8%,1.7x,23.2x,10.4%,68.6%,44.8%,88.6%
2025-12-01,SNDK,SanDisk,NasdaqGS,Information Technology,Developed,10.579,30.801,7.78,-1.74,5.0%,4.0x,-17.7x,1.7%,-16.2%,95.1%,73.8%
2025-12-01,QLYS,Qualys,NasdaqGS,Information Technology,Developed,0.372,5.133,0.653,0.189,32.5%,7.9x,27.1x,5.3%,38.6%,96.9%,89.6%
2025-12-01,QCOM,Qualcomm,NasdaqGS,Information Technology,Developed,9.875,179.8,44.284,5.541,28.0%,4.1x,32.4x,7.1%,23.3%,111.1%,81.6%
2025-12-01,OTEX,Open Text,NasdaqGS,Information Technology,Developed,1.289,8.35,5.188,0.498,20.5%,1.6x,16.8x,10.8%,12.3%,44.3%,84.5%
2025-12-01,ONTO,Onto Innovation,NYSE,Information Technology,Developed,1.23,7.299,1.002,0.175,19.4%,7.3x,41.7x,3.6%,9.0%,604.1%,64.4%
2025-12-01,ON,ON Semiconductor,NasdaqGS,Information Technology,Developed,8.603,20.292,6.188,0.322,19.7%,3.3x,63.6x,6.7%,3.9%,237.3%,67.7%
2025-12-01,NTAP,NetApp,NasdaqGS,Information Technology,Developed,2.093,22.236,6.637,1.177,22.6%,3.4x,18.9x,7.5%,125.3%,87.0%,87.2%
2025-12-01,ENTG,Entegris,NasdaqGS,Information Technology,Developed,2.456,11.566,3.223,0.289,16.6%,3.6x,40.1x,2.9%,7.7%,81.4%,68.2%
2025-12-01,CSIQ,Canadian Solar,NasdaqGS,Information Technology,Developed,4.362,1.845,5.899,-0.188,1.7%,0.3x,114.5x,-94.0%,0.6%,29.5%,79.6%
2025-12-01,CHKP,Check Point Software,NasdaqGS,Information Technology,Developed,0.78,20.08,2.684,1.01,31.8%,7.5x,19.9x,5.7%,34.2%,85.8%,79.8%
2025-12-01,AMKR,Amkor Technology,NasdaqGS,Information Technology,Developed,3.023,9.329,6.449,0.309,6.5%,1.4x,30.3x,2.5%,7.3%,93.3%,98.7%
2025-12-01,ADSK,Autodesk,NasdaqGS,Information Technology,Developed,1.431,64.559,6.888,1.111,24.2%,9.4x,58.1x,3.3%,40.3%,48.3%,92.7%
2025-12-01,ADBE,Adobe,NasdaqGS,Information Technology,Developed,4.335,135.1,23.181,6.957,36.6%,5.8x,19.4x,7.1%,52.9%,64.3%,57.9%
2025-11-01,ZBRA,Zebra Technologies,NasdaqGS,Information Technology,Developed,0.624,13.64,5.255,0.512,15.3%,2.6x,26.6x,5.8%,14.3%,65.7%,62.9%
2025-11-01,UCTT,Ultra Clean,NasdaqGS,Information Technology,Developed,0.415,1.244,2.111,-0.151,2.8%,0.6x,-7.7x,1.4%,-20.6%,107.1%,67.4%
2025-11-01,TXN,Texas Instruments,NasdaqGS,Information Technology,Developed,7.334,146.7,17.266,5.043,35.5%,8.5x,29.2x,1.4%,29.6%,166.3%,74.0%
2025-11-01,SNDK,SanDisk,NasdaqGS,Information Technology,Developed,6.19,29.207,7.355,-1.641,6.9%,4.0x,-17.8x,-0.4%,-16.2%,103.8%,95.0%
2025-11-01,PI,Impinj,NasdaqGS,Information Technology,Developed,0.54,6.087,0.36,-0.012,0.1%,16.9x,-491.0x,0.7%,-7.5%,144.2%,81.8%
2025-11-01,ORCL,Oracle,NYSE,Information Technology,Developed,22.67,748.6,59.018,12.441,31.5%,12.7x,60.2x,-0.8%,71.2%,27.6%,76.1%
2025-11-01,ON,ON Semiconductor,NasdaqGS,Information Technology,Developed,8.792,20.481,6.399,0.469,17.6%,3.2x,44.0x,6.3%,5.7%,223.5%,67.2%
2025-11-01,MCHP,Microchip Technology,NasdaqGS,Information Technology,Developed,7.861,33.687,4.236,-0.149,4.9%,8.0x,-188.8x,2.2%,-2.7%,47.6%,81.4%
2025-11-01,LFUS,Littelfuse,NasdaqGS,Information Technology,Developed,0.162,6.059,2.322,0.119,13.7%,2.6x,51.1x,6.3%,4.5%,194.9%,88.5%
2025-11-01,IT,Gartner,NYSE,Information Technology,Developed,1.524,18.808,6.42,1.265,18.4%,2.9x,14.9x,8.0%,116.1%,61.2%,42.5%
2025-11-01,CSIQ,Canadian Solar,NasdaqGS,Information Technology,Developed,2.211,1.39,5.919,-0.173,1.1%,0.2x,-201.6x,-0.3%,32.7%,97.5%,97.5%
2025-11-01,CDNS,Cadence Design,NasdaqGS,Information Technology,Developed,1.696,92.192,5.213,1.061,31.9%,17.7x,86.9x,1.6%,21.7%,208.3%,90.0%
2025-11-01,AMD,AMD,NasdaqGS,Information Technology,Developed,61.248,415.6,29.6,2.834,8.4%,14.0x,152.3x,1.0%,4.7%,59.6%,95.9%
2025-11-01,ADSK,Autodesk,NasdaqGS,Information Technology,Developed,1.489,64.113,6.605,1.043,23.4%,9.7x,61.5x,2.9%,40.2%,49.0%,91.6%
2025-11-01,ACLS,Axcelis,NasdaqGS,Information Technology,Developed,0.615,2.466,0.896,0.159,17.8%,2.8x,15.6x,5.0%,16.2%,310.5%,77.3%
2025-10-01,ZS,Zscaler,NasdaqGS,Information Technology,Developed,1.714,48.207,2.673,-0.041,-4.6%,18.0x,-1,162.2x,1.7%,-2.7%,147.0%,95.6%
2025-10-01,ZM,Zoom Video,NasdaqGS,Information Technology,Developed,3.431,24.326,4.754,1.188,20.5%,5.1x,20.5x,7.6%,13.6%,399.4%,87.6%
2025-10-01,VSAT,ViaSat,NasdaqGS,Information Technology,Developed,3.847,3.937,4.564,-0.557,1.3%,0.9x,-6.6x,2.2%,-12.5%,101.4%,86.1%
2025-10-01,TXN,Texas Instruments,NasdaqGS,Information Technology,Developed,6.926,164,16.675,5.041,35.6%,9.8x,32.7x,0.9%,29.8%,215.0%,82.0%
2025-10-01,SWKS,Skyworks Solutions,NasdaqGS,Information Technology,Developed,2.503,11.331,4.012,0.396,14.7%,2.8x,28.6x,12.0%,6.6%,109.4%,78.1%
2025-10-01,SNOW,Snowflake,NYSE,Information Technology,Developed,5.106,78.102,4.116,-1.382,-34.3%,19.0x,-56.6x,1.0%,-42.4%,115.8%,92.2%
2025-10-01,ON,ON Semiconductor,NasdaqGS,Information Technology,Developed,8.627,19.774,6.399,0.469,17.6%,3.1x,42.5x,6.5%,5.7%,223.5%,63.6%
2025-10-01,NTAP,NetApp,NasdaqGS,Information Technology,Developed,1.864,23.655,6.59,1.171,21.8%,3.6x,20.2x,7.0%,123.0%,93.3%,88.9%
2025-10-01,MCHP,Microchip Technology,NasdaqGS,Information Technology,Developed,8.216,34.599,4.236,-0.148,4.9%,8.2x,-193.9x,2.1%,-2.7%,47.6%,83.0%
2025-10-01,IT,Gartner,NYSE,Information Technology,Developed,1.475,19.01,6.42,1.265,18.4%,3.0x,15.0x,8.0%,116.1%,61.2%,43.0%
2025-10-01,FTNT,Fortinet,NasdaqGS,Information Technology,Developed,7.157,65.271,6.338,1.94,30.7%,10.3x,33.7x,3.1%,165.2%,95.5%,74.2%
2025-10-01,CHKP,Check Point Software,NasdaqGS,Information Technology,Developed,0.883,21.914,2.642,0.858,33.0%,8.3x,25.5x,5.2%,30.3%,86.6%,87.1%
2025-10-01,CDNS,Cadence Design,NasdaqGS,Information Technology,Developed,1.749,95.91,5.089,1.012,30.9%,18.8x,94.8x,1.7%,21.8%,200.5%,93.5%
2025-10-01,BILL,Bill.com,NYSE,Information Technology,Developed,3.422,5.462,1.463,0.024,-5.5%,3.7x,229.5x,6.3%,0.6%,48.3%,53.6%
2025-10-01,ALAB,Astera Labs,NasdaqGS,Information Technology,Developed,5.853,32.33,0.606,0.1,7.0%,53.4x,322.8x,0.7%,10.1%,1,001.2%,74.0%
2025-09-01,ZS,Zscaler,NasdaqGS,Information Technology,Developed,1.933,43.135,2.547,-0.039,-4.8%,16.9x,-1,112.4x,1.8%,-2.7%,94.9%,87.0%
2025-09-01,ZM,Zoom Video,NasdaqGS,Information Technology,Developed,3.226,24.368,4.754,1.188,20.5%,5.1x,20.5x,7.6%,13.6%,399.4%,87.7%
2025-09-01,WDAY,Workday,NasdaqGS,Information Technology,Developed,2.783,61.629,8.959,0.583,8.6%,6.9x,105.7x,3.9%,6.7%,165.5%,78.5%
2025-09-01,TER,Teradyne,NasdaqGS,Information Technology,Developed,3.873,18.809,2.828,0.469,19.1%,6.7x,40.1x,3.0%,16.9%,54.5%,82.2%
2025-09-01,SNPS,Synopsys,NasdaqGS,Information Technology,Developed,1.576,111.7,6.221,2.143,20.9%,18.0x,82.7x,1.0%,15.8%,592.8%,92.6%
2025-09-01,ORCL,Oracle,NYSE,Information Technology,Developed,13.455,635.2,57.399,12.443,31.3%,11.1x,51.0x,-0.1%,85.4%,34.3%,86.7%
2025-09-01,ON,ON Semiconductor,NasdaqGS,Information Technology,Developed,9.655,20.281,6.399,0.469,17.6%,3.2x,43.5x,6.3%,5.7%,223.5%,63.2%
2025-09-01,NOW,ServiceNow,NYSE,Information Technology,Developed,1.533,190.4,12.057,1.661,13.8%,15.8x,114.6x,2.0%,17.0%,72.2%,76.6%
2025-09-01,MRVL,Marvell,NasdaqGS,Information Technology,Developed,20.16,54.196,7.235,-0.103,11.0%,7.5x,-524.1x,2.8%,-0.7%,51.0%,49.4%
2025-09-01,FTNT,Fortinet,NasdaqGS,Information Technology,Developed,6.409,60.359,6.338,1.94,30.7%,9.5x,31.1x,3.4%,165.2%,95.5%,68.6%
2025-09-01,CHKP,Check Point Software,NasdaqGS,Information Technology,Developed,0.868,20.734,2.642,0.858,33.0%,7.8x,24.2x,5.5%,30.3%,86.6%,82.4%
2025-09-01,CDNS,Cadence Design,NasdaqGS,Information Technology,Developed,1.693,95.49,5.089,1.012,30.9%,18.8x,94.4x,1.7%,21.8%,200.5%,93.1%
2025-09-01,ALAB,Astera Labs,NasdaqGS,Information Technology,Developed,5.253,30.285,0.606,0.1,7.0%,50.0x,302.4x,0.7%,10.1%,1,001.2%,91.3%
2025-09-01,ADBE,Adobe,NasdaqGS,Information Technology,Developed,3.851,151.3,22.601,6.869,36.7%,6.7x,22.0x,6.2%,52.3%,63.2%,60.7%
2025-09-01,ACLS,Axcelis,NasdaqGS,Information Technology,Developed,0.553,2.515,0.896,0.159,17.8%,2.8x,15.9x,4.9%,16.2%,310.5%,71.2%
2025-08-01,YOU,Clear Secure,NYSE,Information Technology,Developed,1.678,3.837,0.803,0.231,17.0%,4.8x,21.8x,7.8%,124.8%,77.0%,76.0%
2025-08-01,WDAY,Workday,NasdaqGS,Information Technology,Developed,2.261,59.299,8.696,0.487,7.3%,6.8x,121.8x,3.9%,5.7%,165.3%,75.6%
2025-08-01,VSAT,ViaSat,NasdaqGS,Information Technology,Developed,3.402,2.226,4.52,-0.531,1.6%,0.5x,-3.9x,-5.5%,-12.0%,96.2%,62.1%
2025-08-01,TXN,Texas Instruments,NasdaqGS,Information Technology,Developed,6.933,164.4,16.675,5.041,35.6%,9.9x,32.8x,0.9%,29.8%,215.0%,82.2%
2025-08-01,SWKS,Skyworks Solutions,NasdaqGS,Information Technology,Developed,3.229,10.162,3.952,0.412,15.5%,2.6x,24.7x,13.3%,6.7%,245.7%,62.9%
2025-08-01,SPNS,SPNS,NasdaqGS,Information Technology,Developed,0.183,1.495,0.544,0.073,15.9%,2.7x,20.6x,5.8%,16.1%,105.6%,86.9%
2025-08-01,QLYS,Qualys,NasdaqGS,Information Technology,Developed,0.315,4.742,0.622,0.181,31.2%,7.6x,26.1x,5.4%,40.2%,102.0%,76.8%
2025-08-01,ON,ON Semiconductor,NasdaqGS,Information Technology,Developed,9.934,23.744,6.665,0.636,20.2%,3.6x,37.5x,5.9%,7.8%,235.7%,72.3%
2025-08-01,MCHP,Microchip Technology,NasdaqGS,Information Technology,Developed,9.328,35.813,4.402,-0.001,8.5%,8.1x,-13,264.0x,2.2%,0.0%,66.8%,82.1%
2025-08-01,IT,Gartner,NYSE,Information Technology,Developed,0.788,25.287,6.329,1.254,18.5%,4.0x,20.2x,6.0%,113.2%,55.2%,56.3%
2025-08-01,FTNT,Fortinet,NasdaqGS,Information Technology,Developed,4.573,74.521,6.142,1.879,31.4%,12.1x,39.7x,2.8%,205.9%,101.1%,84.8%
2025-08-01,EFOR,Everforth,NYSE,Information Technology,Developed,0.546,2.129,4.005,0.14,6.8%,0.5x,15.2x,15.9%,7.7%,32.0%,47.8%
2025-08-01,CHKP,Check Point Software,NasdaqGS,Information Technology,Developed,0.819,20.244,2.642,0.858,33.0%,7.7x,23.6x,5.7%,30.3%,86.6%,80.5%
2025-08-01,BILL,Bill.com,NYSE,Information Technology,Developed,2.134,4.299,1.423,0.038,-5.6%,3.0x,111.8x,8.0%,1.0%,54.1%,41.7%
2025-08-01,ADBE,Adobe,NasdaqGS,Information Technology,Developed,3.563,147.5,22.601,6.869,36.7%,6.5x,21.5x,6.4%,52.3%,63.2%,59.2%
2025-07-01,ZS,Zscaler,NasdaqGS,Information Technology,Developed,2.772,47.848,2.547,-0.039,-4.8%,18.8x,-1,233.9x,1.6%,-2.7%,94.9%,96.9%
2025-07-01,ZBRA,Zebra Technologies,NasdaqGS,Information Technology,Developed,0.637,16.044,5.114,0.549,15.5%,3.1x,29.2x,6.2%,16.2%,55.6%,73.8%
2025-07-01,YOU,Clear Secure,NYSE,Information Technology,Developed,1.846,3.722,0.803,0.231,17.0%,4.6x,21.1x,8.0%,124.8%,77.0%,73.8%
2025-07-01,WDAY,Workday,NasdaqGS,Information Technology,Developed,2.308,63.838,8.696,0.487,7.3%,7.3x,131.1x,3.6%,5.7%,165.3%,81.4%
2025-07-01,TDC,Teradata,NYSE,Information Technology,Developed,1.108,2.212,1.703,0.138,13.0%,1.3x,16.0x,12.0%,130.2%,38.9%,65.0%
2025-07-01,SWKS,Skyworks Solutions,NasdaqGS,Information Technology,Developed,3.984,11.584,3.952,0.412,15.5%,2.9x,28.1x,11.7%,6.7%,245.7%,66.1%
2025-07-01,QRVO,Qorvo,NasdaqGS,Information Technology,Developed,2.301,7.993,3.719,0.556,10.1%,2.1x,143.7x,6.1%,1.6%,130.4%,65.7%
2025-07-01,PLUS,ePlus,NasdaqGS,Information Technology,Developed,0.193,1.876,2.069,0.108,6.9%,0.9x,17.4x,15.8%,11.5%,48.8%,66.8%
2025-07-01,ON,ON Semiconductor,NasdaqGS,Information Technology,Developed,10.832,22.399,6.665,0.636,20.2%,3.4x,35.3x,6.3%,7.8%,235.7%,66.9%
2025-07-01,FTNT,Fortinet,NasdaqGS,Information Technology,Developed,5.15,78.402,6.142,1.879,31.4%,12.8x,41.7x,2.6%,205.9%,101.1%,89.2%
2025-07-01,DIOD,Diodes,NasdaqGS,Information Technology,Developed,0.538,2.566,1.341,0.033,3.3%,1.9x,100.4x,5.4%,1.4%,96.4%,63.8%
2025-07-01,DDOG,Datadog,NasdaqGS,Information Technology,Developed,4.919,45.701,2.835,0.165,1.1%,16.1x,275.7x,2.0%,6.5%,239.9%,77.8%
2025-07-01,CDNS,Cadence Design,NasdaqGS,Information Technology,Developed,2.13,84.496,4.875,1.081,30.8%,17.3x,78.1x,1.6%,25.9%,223.5%,94.9%
2025-07-01,BILL,Bill.com,NYSE,Information Technology,Developed,2.217,4.744,1.423,0.038,-5.6%,3.3x,123.3x,7.2%,1.0%,54.1%,46.0%
2025-07-01,ADBE,Adobe,NasdaqGS,Information Technology,Developed,3.845,166.3,22.601,6.869,36.7%,7.4x,24.2x,5.7%,52.3%,63.2%,66.7%
2025-06-01,YOU,Clear Secure,NYSE,Information Technology,Developed,2.232,3.293,0.803,0.231,17.0%,4.1x,18.7x,9.0%,124.8%,77.0%,64.9%
2025-06-01,TER,Teradyne,NasdaqGS,Information Technology,Developed,3.632,12.609,2.906,0.577,20.7%,4.3x,21.9x,4.8%,21.6%,78.2%,48.4%
2025-06-01,SWKS,Skyworks Solutions,NasdaqGS,Information Technology,Developed,4.15,10.363,3.952,0.412,15.5%,2.6x,25.1x,13.0%,6.7%,245.7%,59.2%
2025-06-01,SNPS,Synopsys,NasdaqGS,Information Technology,Developed,1.402,71.992,6.221,2.143,20.9%,11.6x,53.3x,1.5%,15.8%,592.8%,74.3%
2025-06-01,QRVO,Qorvo,NasdaqGS,Information Technology,Developed,2.499,7.072,3.719,0.556,10.1%,1.9x,127.2x,6.9%,1.6%,130.4%,58.0%
2025-06-01,OTEX,Open Text,NasdaqGS,Information Technology,Developed,1.429,7.265,5.22,0.656,19.2%,1.4x,11.1x,9.8%,15.9%,50.7%,84.3%
2025-06-01,ON,ON Semiconductor,NasdaqGS,Information Technology,Developed,10.224,17.56,6.665,0.636,20.2%,2.6x,27.7x,8.0%,7.8%,235.7%,52.5%
2025-06-01,MRVL,Marvell,NasdaqGS,Information Technology,Developed,20.56,51.896,6.502,-0.492,6.1%,8.0x,-105.6x,2.7%,-3.5%,30.1%,47.3%
2025-06-01,KEYS,Keysight Technologies,NYSE,Information Technology,Developed,1.062,26.978,5.108,0.742,17.1%,5.3x,36.4x,5.0%,14.3%,191.5%,84.3%
2025-06-01,FTNT,Fortinet,NasdaqGS,Information Technology,Developed,5.322,77.904,6.142,1.879,31.4%,12.7x,41.5x,2.7%,205.9%,101.1%,88.6%
2025-06-01,DXC,DXC Technology,NYSE,Information Technology,Developed,2.089,2.755,12.871,0.396,6.9%,0.2x,7.1x,41.7%,12.9%,40.7%,61.2%
2025-06-01,CDNS,Cadence Design,NasdaqGS,Information Technology,Developed,2.338,78.382,4.875,1.081,30.8%,16.1x,72.5x,1.8%,25.9%,223.5%,87.3%
2025-06-01,BILL,Bill.com,NYSE,Information Technology,Developed,2.349,4.5,1.423,0.038,-5.6%,3.2x,117.0x,7.6%,1.0%,54.1%,43.6%
2025-06-01,ADBE,Adobe,NasdaqGS,Information Technology,Developed,3.825,176.9,22.037,6.751,36.6%,8.0x,26.2x,5.2%,47.3%,81.2%,70.6%
2025-06-01,ACLS,Axcelis,NasdaqGS,Information Technology,Developed,0.674,1.81,0.958,0.178,19.1%,1.9x,10.2x,6.8%,18.5%,293.0%,35.5%
2025-05-01,ZBRA,Zebra Technologies,NasdaqGS,Information Technology,Developed,0.728,12.695,5.114,0.549,15.5%,2.5x,23.1x,7.9%,16.2%,55.6%,58.4%
2025-05-01,YOU,Clear Secure,NYSE,Information Technology,Developed,2.333,3.249,0.771,0.225,15.7%,4.2x,19.1x,8.7%,78.6%,94.8%,64.0%
2025-05-01,TER,Teradyne,NasdaqGS,Information Technology,Developed,3.572,11.866,2.906,0.577,20.7%,4.1x,20.6x,5.1%,21.6%,78.2%,45.3%
2025-05-01,SWKS,Skyworks Solutions,NasdaqGS,Information Technology,Developed,4.17,10.018,4.045,0.527,17.2%,2.5x,19.0x,12.5%,8.3%,300.1%,55.3%
2025-05-01,ROG,Rogers,NYSE,Information Technology,Developed,0.278,1.18,0.807,0.017,5.3%,1.5x,69.8x,4.6%,1.3%,137.6%,47.5%
2025-05-01,QRVO,Qorvo,NasdaqGS,Information Technology,Developed,2.59,6.52,3.719,0.056,2.6%,1.8x,117.2x,7.4%,1.6%,130.4%,53.3%
2025-05-01,ON,ON Semiconductor,NasdaqGS,Information Technology,Developed,10.244,16.713,7.082,1.575,26.9%,2.4x,10.6x,7.3%,19.0%,224.1%,49.5%
2025-05-01,OLED,Universal Display,NasdaqGS,Information Technology,Developed,0.8,6.711,0.649,0.23,37.9%,10.3x,29.3x,2.4%,14.6%,505.1%,60.0%
2025-05-01,MRVL,Marvell,NasdaqGS,Information Technology,Developed,18.578,52.65,5.767,-0.885,-0.1%,9.1x,-59.5x,2.7%,-6.3%,46.8%,47.9%
2025-05-01,MKSI,MKS Instruments,NasdaqGS,Information Technology,Developed,1.484,4.831,3.586,0.19,14.4%,1.3x,25.4x,8.5%,7.9%,92.1%,48.9%
2025-05-01,MCHP,Microchip Technology,NasdaqGS,Information Technology,Developed,12.461,24.729,4.757,0.309,13.5%,5.2x,80.1x,3.9%,4.7%,44.1%,46.6%
2025-05-01,CRUS,Cirrus Logic,NasdaqGS,Information Technology,Developed,0.722,5.077,1.843,0.305,20.4%,2.8x,16.6x,9.0%,16.2%,267.4%,64.8%
2025-05-01,BILL,Bill.com,NYSE,Information Technology,Developed,3.09,4.638,1.388,0.082,-5.5%,3.3x,56.6x,6.7%,2.1%,53.6%,45.4%
2025-05-01,ADBE,Adobe,NasdaqGS,Information Technology,Developed,3.906,159.7,22.037,6.751,36.6%,7.2x,23.7x,5.8%,47.3%,81.2%,63.7%
2025-05-01,ACLS,Axcelis,NasdaqGS,Information Technology,Developed,0.741,1.58,1.018,0.201,20.7%,1.6x,7.9x,8.1%,21.4%,275.3%,31.0%
2025-04-01,ZS,Zscaler,NasdaqGS,Information Technology,Developed,1.858,31.111,2.422,-0.016,-4.2%,12.8x,-2,003.4x,2.5%,-1.2%,94.5%,92.3%
2025-04-01,YOU,Clear Secure,NYSE,Information Technology,Developed,2.23,3.531,0.771,0.225,15.7%,4.6x,20.8x,8.0%,78.6%,94.8%,67.7%
2025-04-01,WDAY,Workday,NasdaqGS,Information Technology,Developed,2.229,62.468,8.446,0.526,5.9%,7.4x,118.8x,3.5%,6.1%,144.5%,79.8%
2025-04-01,ROP,Roper Technologies,NasdaqGS,Information Technology,Developed,0.643,63.441,7.039,1.549,28.4%,9.0x,40.9x,3.7%,8.5%,4.9%,99.3%
2025-04-01,QLYS,Qualys,NasdaqGS,Information Technology,Developed,0.344,4.694,0.608,0.174,30.8%,7.7x,27.0x,4.9%,41.1%,89.0%,73.9%
2025-04-01,OTEX,Open Text,NasdaqGS,Information Technology,Developed,1.078,6.588,5.413,0.661,19.2%,1.2x,10.0x,10.4%,16.0%,46.8%,68.2%
2025-04-01,MSFT,Microsoft,NasdaqGS,Information Technology,Developed,23.058,2,841.2,261.8,92.75,45.0%,10.9x,30.6x,2.5%,34.3%,65.7%,82.1%
2025-04-01,INTU,Intuit,NasdaqGS,Information Technology,Developed,1.866,171.6,17.167,3.037,23.6%,10.0x,56.5x,3.3%,17.4%,34.3%,86.0%
2025-04-01,FTNT,Fortinet,NasdaqGS,Information Technology,Developed,4.636,74.337,5.956,1.745,30.2%,12.5x,42.6x,2.5%,338.7%,100.1%,84.2%
2025-04-01,ENFN,Enfusion,NYSE,Information Technology,Developed,1.08,1.433,0.202,0.039,3.5%,7.1x,507.7x,2.2%,4.4%,199.3%,94.2%
2025-04-01,DLB,Dolby Labs,NYSE,Information Technology,Developed,0.496,7.771,1.315,0.265,21.1%,5.9x,29.6x,5.1%,10.8%,117.9%,90.3%
2025-04-01,ANSS,ANSYS,NasdaqGM,Information Technology,Developed,0.513,28.118,2.545,0.576,28.2%,11.0x,48.8x,2.7%,10.0%,159.1%,88.4%
2025-04-01,ADSK,Autodesk,NasdaqGS,Information Technology,Developed,1.65,56.362,6.131,1.112,23.1%,9.2x,50.7x,2.8%,49.7%,36.6%,81.0%
2025-04-01,ADBE,Adobe,NasdaqGS,Information Technology,Developed,3.829,163.3,22.037,6.751,36.6%,7.4x,24.2x,5.6%,47.3%,81.2%,65.2%
2025-04-01,AAPL,Apple,NasdaqGS,Information Technology,Developed,52.694,3,352.8,395.8,96.15,31.8%,8.5x,34.9x,2.9%,136.5%,37.2%,85.9%
2025-03-01,ZM,Zoom Video,NasdaqGS,Information Technology,Developed,2.703,22.496,4.665,1.01,17.5%,4.8x,22.3x,8.0%,11.9%,409.4%,79.4%
2025-03-01,YOU,Clear Secure,NYSE,Information Technology,Developed,1.971,3.245,0.771,0.225,15.7%,4.2x,19.1x,8.7%,78.6%,94.8%,61.3%
2025-03-01,SNOW,Snowflake,NYSE,Information Technology,Developed,5.793,58.461,3.626,-1.289,-39.4%,16.1x,-45.5x,1.6%,-31.4%,140.5%,91.1%
2025-03-01,QCOM,Qualcomm,NasdaqGS,Information Technology,Developed,7.988,173.7,40.696,10.555,26.7%,4.3x,16.6x,7.3%,42.0%,143.7%,68.9%
2025-03-01,OTEX,Open Text,NasdaqGS,Information Technology,Developed,0.707,6.707,5.413,0.661,19.2%,1.2x,10.2x,10.2%,16.0%,46.8%,65.3%
2025-03-01,KEYS,Keysight Technologies,NYSE,Information Technology,Developed,1.062,27.615,5.018,0.611,16.8%,5.5x,45.2x,3.5%,12.2%,136.5%,85.7%
2025-03-01,IBM,IBM,NYSE,Information Technology,Developed,4.468,234.1,62.753,6.023,15.6%,3.7x,38.9x,5.3%,24.1%,44.0%,95.2%
2025-03-01,FTNT,Fortinet,NasdaqGS,Information Technology,Developed,4.416,83.057,5.956,1.745,30.2%,13.9x,47.6x,2.3%,338.7%,100.1%,94.1%
2025-03-01,EPAM,EPAM Systems,NYSE,Information Technology,Developed,0.69,11.693,4.728,0.454,12.8%,2.5x,25.7x,4.5%,12.8%,156.9%,64.9%
2025-03-01,DLB,Dolby Labs,NYSE,Information Technology,Developed,0.492,7.865,1.315,0.265,21.1%,6.0x,29.9x,5.0%,10.8%,117.9%,91.4%
2025-03-01,DBX,Dropbox,NasdaqGS,Information Technology,Developed,3.512,7.839,2.548,0.452,20.9%,3.1x,17.3x,11.1%,-98.5%,131.7%,77.9%
2025-03-01,CDNS,Cadence Design,NasdaqGS,Information Technology,Developed,1.859,68.664,4.641,1.055,29.9%,14.8x,65.1x,1.6%,26.1%,203.2%,76.1%
2025-03-01,ANSS,ANSYS,NasdaqGM,Information Technology,Developed,0.503,29.21,2.545,0.576,28.2%,11.5x,50.7x,2.6%,10.0%,159.1%,91.8%
2025-03-01,AKAM,Akamai,NasdaqGS,Information Technology,Developed,2.248,12.128,3.991,0.505,15.9%,3.0x,24.0x,8.2%,10.7%,76.3%,71.2%
2025-03-01,ADBE,Adobe,NasdaqGS,Information Technology,Developed,4.019,190.7,21.505,5.56,36.4%,8.9x,34.3x,4.1%,36.3%,75.0%,74.6%
2025-02-01,YOU,Clear Secure,NYSE,Information Technology,Developed,2.134,3.3,0.735,0.132,13.9%,4.5x,41.1x,7.3%,39.7%,97.7%,61.2%
2025-02-01,TER,Teradyne,NasdaqGS,Information Technology,Developed,2.555,18.858,2.82,0.542,19.6%,6.7x,34.8x,2.5%,20.3%,96.0%,71.1%
2025-02-01,OLED,Universal Display,NasdaqGS,Information Technology,Developed,0.651,7.115,0.644,0.238,39.0%,11.1x,30.0x,3.1%,16.0%,420.5%,63.5%
2025-02-01,MRVL,Marvell,NasdaqGS,Information Technology,Developed,14.094,97.658,5.376,-1.478,-4.5%,18.2x,-66.1x,1.5%,-10.3%,49.2%,88.5%
2025-02-01,MPWR,Monolithic Power,NasdaqGS,Information Technology,Developed,1.009,31.091,2.039,0.434,23.8%,15.2x,71.6x,2.2%,20.2%,434.5%,66.6%
2025-02-01,MKSI,MKS Instruments,NasdaqGS,Information Technology,Developed,0.809,7.624,3.544,0.03,14.2%,2.2x,254.1x,5.7%,1.2%,110.2%,77.1%
2025-02-01,MCHP,Microchip Technology,NasdaqGS,Information Technology,Developed,8.377,29.16,5.497,0.781,20.7%,5.3x,37.3x,5.2%,11.8%,8.7%,54.7%
2025-02-01,KLAC,KLA Corp,NasdaqGS,Information Technology,Developed,1.202,98.102,10.847,3.208,38.2%,9.0x,30.6x,3.4%,96.8%,91.4%,82.7%
2025-02-01,JBL,Jabil Circuit,NYSE,Information Technology,Developed,1.367,17.79,27.49,1.294,4.7%,0.6x,13.7x,5.5%,62.7%,16.8%,92.9%
2025-02-01,INTU,Intuit,NasdaqGS,Information Technology,Developed,1.698,168.4,16.59,2.919,23.1%,10.1x,57.7x,3.1%,16.6%,39.0%,84.3%
2025-02-01,FTNT,Fortinet,NasdaqGS,Information Technology,Developed,4.673,77.32,5.711,1.53,28.2%,13.5x,50.5x,2.2%,311.5%,95.3%,98.1%
2025-02-01,ENPH,Enphase Energy,NasdaqGM,Information Technology,Developed,4.396,8.414,1.25,0.061,2.5%,6.7x,137.0x,4.0%,6.3%,311.3%,44.0%
2025-02-01,DV,DoubleVerify Holdings,NYSE,Communication Services,Developed,1.754,3.486,0.639,0.066,12.9%,5.5x,52.9x,4.3%,6.2%,411.1%,47.9%
2025-02-01,CDNS,Cadence Design,NasdaqGS,Information Technology,Developed,1.593,81.626,4.354,1.039,29.2%,18.7x,78.5x,1.2%,27.1%,175.6%,90.5%
2025-02-01,ADBE,Adobe,NasdaqGS,Information Technology,Developed,3.923,190.4,21.505,5.56,36.4%,8.9x,34.2x,4.1%,36.3%,75.0%,68.5%
2025-01-01,YOU,Clear Secure,NYSE,Information Technology,Developed,2.143,3.714,0.735,0.132,13.9%,5.1x,46.2x,6.5%,39.7%,97.7%,68.8%
2025-01-01,TER,Teradyne,NasdaqGS,Information Technology,Developed,2.316,20.508,2.738,0.513,19.1%,7.5x,40.0x,2.2%,19.2%,92.7%,77.3%
2025-01-01,QRVO,Qorvo,NasdaqGS,Information Technology,Developed,2.453,6.61,3.948,-0.141,9.1%,1.7x,-46.8x,11.7%,-3.9%,82.2%,53.4%
2025-01-01,OLED,Universal Display,NasdaqGS,Information Technology,Developed,0.544,6.939,0.644,0.238,39.0%,10.8x,29.2x,3.1%,16.0%,420.5%,62.0%
2025-01-01,NSIT,Insight Enterprises,NasdaqGS,Information Technology,Developed,0.371,4.831,8.865,0.303,5.1%,0.5x,15.9x,12.0%,17.9%,8.5%,66.7%
2025-01-01,MPWR,Monolithic Power,NasdaqGS,Information Technology,Developed,0.913,28.863,2.039,0.434,23.8%,14.2x,66.5x,2.4%,20.2%,434.5%,61.9%
2025-01-01,MCHP,Microchip Technology,NasdaqGS,Information Technology,Developed,7.197,30.798,5.497,0.782,20.7%,5.6x,39.4x,4.9%,11.8%,8.7%,57.7%
2025-01-01,KLAC,KLA Corp,NasdaqGS,Information Technology,Developed,1.135,84.285,10.257,2.966,37.6%,8.2x,28.4x,3.7%,90.6%,96.5%,70.6%
2025-01-01,IT,Gartner,NYSE,Information Technology,Developed,0.354,37.369,6.138,1.064,18.7%,6.1x,35.1x,3.4%,130.4%,51.0%,86.7%
2025-01-01,FTNT,Fortinet,NasdaqGS,Information Technology,Developed,4.478,72.414,5.711,1.53,28.2%,12.7x,47.3x,2.3%,311.5%,95.3%,93.9%
2025-01-01,ENPH,Enphase Energy,NasdaqGM,Information Technology,Developed,4.596,9.279,1.25,0.061,2.5%,7.4x,151.1x,3.6%,6.3%,311.3%,48.5%
2025-01-01,CRUS,Cirrus Logic,NasdaqGS,Information Technology,Developed,0.662,5.292,1.907,0.328,20.9%,2.8x,16.1x,10.4%,18.0%,208.6%,67.5%
2025-01-01,AMAT,Applied Materials,NasdaqGS,Information Technology,Developed,6.556,132.3,27.176,7.177,28.9%,4.9x,18.4x,5.7%,40.6%,111.8%,63.8%
2025-01-01,ADBE,Adobe,NasdaqGS,Information Technology,Developed,3.442,195.7,21.505,5.56,36.0%,9.1x,35.2x,3.3%,36.3%,75.0%,69.7%
2025-01-01,ACLS,Axcelis,NasdaqGS,Information Technology,Developed,0.628,2.271,1.076,0.222,21.9%,2.1x,10.2x,7.7%,25.0%,229.7%,44.1%
2024-12-01,TER,Teradyne,NasdaqGS,Information Technology,Developed,2.045,17.915,2.738,0.513,19.1%,6.5x,34.9x,2.5%,19.2%,92.7%,67.5%
2024-12-01,SWKS,Skyworks Solutions,NasdaqGS,Information Technology,Developed,2.226,14.007,4.178,0.596,18.8%,3.4x,23.5x,11.9%,9.6%,259.3%,72.9%
2024-12-01,ROP,Roper Technologies,NasdaqGS,Information Technology,Developed,0.448,60.739,6.776,1.476,28.6%,9.0x,41.5x,3.7%,8.2%,8.2%,98.0%
2024-12-01,QRVO,Qorvo,NasdaqGS,Information Technology,Developed,1.698,6.527,3.948,-0.141,9.1%,1.7x,-46.2x,11.9%,-3.9%,82.2%,52.7%
2024-12-01,MSI,Motorola Solutions,NYSE,Information Technology,Developed,0.709,83.51,10.655,1.567,26.4%,7.8x,53.5x,2.8%,185.1%,30.1%,98.4%
2024-12-01,KLAC,KLA Corp,NasdaqGS,Information Technology,Developed,1.094,86.547,10.257,2.966,37.6%,8.4x,29.2x,3.6%,90.6%,96.5%,72.5%
2024-12-01,IT,Gartner,NYSE,Information Technology,Developed,0.317,39.95,6.138,1.064,18.7%,6.5x,37.6x,3.2%,130.4%,51.0%,92.7%
2024-12-01,ICHR,Ichor Holdings,NasdaqGS,Information Technology,Developed,0.272,1.105,0.819,-0.029,-1.8%,1.3x,-38.4x,4.7%,-4.5%,94.7%,70.6%
2024-12-01,GFS,GlobalFoundries,NasdaqGS,Information Technology,Developed,1.669,23.902,6.774,0.745,12.2%,3.5x,32.2x,5.2%,6.6%,127.5%,69.1%
2024-12-01,EPAM,EPAM Systems,NYSE,Information Technology,Developed,0.63,13.835,4.637,0.448,12.4%,3.0x,30.8x,4.1%,13.1%,302.3%,76.8%
2024-12-01,CDW,CDW Corp,NasdaqGS,Information Technology,Developed,1.1,23.445,20.831,1.11,8.1%,1.1x,21.1x,5.7%,53.4%,21.2%,67.4%
2024-12-01,AMAT,Applied Materials,NasdaqGS,Information Technology,Developed,6.587,144,27.176,7.177,28.9%,5.3x,20.1x,5.2%,40.6%,111.8%,68.6%
2024-12-01,ALRM,Alarm.com Holdings,NasdaqGS,Information Technology,Developed,0.424,3.22,0.924,0.123,11.3%,3.5x,25.7x,5.6%,18.4%,717.8%,84.3%
2024-12-01,AKAM,Akamai,NasdaqGS,Information Technology,Developed,1.696,14.124,3.966,0.526,16.7%,3.6x,26.8x,7.8%,11.5%,85.7%,72.8%
2024-12-01,ADI,Analog Devices,NasdaqGS,Information Technology,Developed,2.899,108.2,9.427,1.635,21.9%,11.5x,66.2x,2.9%,4.6%,79.1%,89.7%
2024-11-01,VRNT,Verint,NasdaqGS,Information Technology,Developed,0.756,1.331,0.916,0.063,12.2%,1.5x,31.4x,10.3%,5.1%,57.3%,56.2%
2024-11-01,SYNA,Synaptics,NasdaqGS,Information Technology,Developed,0.358,2.803,0.959,-0.126,-7.8%,2.9x,22.3x,3.6%,9.3%,316.3%,57.9%
2024-11-01,SWKS,Skyworks Solutions,NasdaqGS,Information Technology,Developed,2.049,14.2,4.372,0.78,19.4%,3.2x,18.2x,11.1%,12.8%,225.4%,74.0%
2024-11-01,SMCI,Super Micro Computer,NasdaqGS,Information Technology,Developed,26.44,15.254,14.943,1.208,8.5%,1.0x,12.6x,-16.3%,32.5%,69.5%,21.2%
2024-11-01,SCSC,ScanSource,NasdaqGS,Information Technology,Developed,0.207,1.044,3.26,0.08,3.0%,0.3x,13.6x,34.8%,8.4%,27.7%,81.6%
2024-11-01,RMBS,Rambus,NasdaqGS,Information Technology,Developed,1.789,5.11,0.518,0.177,30.4%,9.9x,29.0x,3.9%,17.7%,583.7%,62.8%
2024-11-01,PLAB,Photronics,NasdaqGS,Information Technology,Developed,0.429,1.469,0.872,0.206,26.4%,1.7x,10.4x,10.9%,13.9%,317.3%,67.9%
2024-11-01,PI,Impinj,NasdaqGS,Information Technology,Developed,0.534,5.508,0.345,-0.035,-3.5%,16.0x,194.3x,1.8%,33.2%,51.4%,81.2%
2024-11-01,NVDA,NVIDIA,NasdaqGS,Information Technology,Developed,306.3,3,321.4,96.307,53.008,61.9%,34.5x,62.7x,1.4%,123.8%,249.1%,93.8%
2024-11-01,NSIT,Insight Enterprises,NasdaqGS,Information Technology,Developed,0.247,5.47,8.865,0.303,5.1%,0.6x,18.0x,10.6%,17.9%,8.5%,75.5%
2024-11-01,GFS,GlobalFoundries,NasdaqGS,Information Technology,Developed,1.392,20.212,6.887,0.816,13.3%,2.9x,24.8x,5.4%,7.5%,118.8%,58.5%
2024-11-01,CVLT,Commvault,NasdaqGS,Information Technology,Developed,0.38,6.808,0.898,0.177,9.6%,7.6x,38.4x,3.2%,77.2%,64.7%,90.9%
2024-11-01,CRUS,Cirrus Logic,NasdaqGS,Information Technology,Developed,0.579,5.891,1.846,0.301,20.3%,3.2x,19.6x,8.7%,17.2%,256.3%,74.8%
2024-11-01,AMKR,Amkor Technology,NasdaqGS,Information Technology,Developed,1.56,6.412,6.44,0.369,7.2%,1.0x,17.5x,6.7%,9.1%,93.6%,58.1%
2024-11-01,ACLS,Axcelis,NasdaqGS,Information Technology,Developed,0.623,2.808,1.111,0.239,23.4%,2.5x,11.7x,5.4%,28.5%,224.6%,54.3%
2024-10-01,VRNT,Verint,NasdaqGS,Information Technology,Developed,0.757,1.521,0.916,0.063,12.2%,1.7x,35.9x,9.0%,5.1%,57.3%,64.3%
2024-10-01,TDC,Teradata,NYSE,Information Technology,Developed,0.845,2.846,1.796,0.062,10.2%,1.6x,45.9x,9.3%,42.3%,33.9%,59.9%
2024-10-01,SMCI,Super Micro Computer,NasdaqGS,Information Technology,Developed,8.128,23.745,14.943,1.208,8.5%,1.6x,19.7x,-10.4%,32.5%,69.5%,33.0%
2024-10-01,RPD,Rapid7,NasdaqGM,Information Technology,Developed,0.721,2.443,0.817,-0.046,4.7%,3.0x,-53.0x,5.3%,56.3%,76.5%,62.9%
2024-10-01,RMBS,Rambus,NasdaqGS,Information Technology,Developed,1.908,4.321,0.478,0.231,26.3%,9.0x,18.7x,4.5%,23.4%,509.1%,52.5%
2024-10-01,PI,Impinj,NasdaqGS,Information Technology,Developed,0.508,5.951,0.315,-0.123,-8.7%,18.9x,481.3x,1.6%,16.1%,69.1%,96.1%
2024-10-01,NVDA,NVIDIA,NasdaqGS,Information Technology,Developed,324.4,2,870,96.307,53.008,61.9%,29.8x,54.1x,1.6%,123.8%,249.1%,83.1%
2024-10-01,LSCC,Lattice Semiconductor,NasdaqGS,Information Technology,Developed,2.913,7.069,0.628,0.189,23.2%,11.3x,37.2x,2.6%,29.8%,136.0%,59.2%
2024-10-01,IPGP,IPG Photonics,NasdaqGS,Information Technology,Developed,0.254,3.178,1.11,0.141,10.2%,2.9x,22.6x,6.2%,6.0%,558.5%,64.7%
2024-10-01,EPAM,EPAM Systems,NYSE,Information Technology,Developed,0.586,11.181,4.621,0.41,11.6%,2.4x,27.3x,4.9%,12.3%,306.9%,61.9%
2024-10-01,DV,DoubleVerify Holdings,NYSE,Communication Services,Developed,2.385,2.848,0.613,0.061,12.3%,4.6x,46.6x,4.6%,6.0%,426.1%,39.0%
2024-10-01,CORZ,Core Scientific,NasdaqGS,Information Technology,Developed,11.901,3.037,0.575,-0.831,10.9%,5.3x,-3.7x,0.0%,112.6%,128.5%,90.8%
2024-10-01,BL,Blackline,NasdaqGS,Information Technology,Developed,0.808,3.366,0.624,0.128,2.6%,5.4x,27.7x,4.9%,48.4%,168.7%,78.1%
2024-10-01,BELFA,Bel Fuse A,NasdaqGS,Information Technology,Developed,0.014,1.057,0.56,0.066,15.5%,1.9x,16.0x,9.2%,20.0%,163.7%,99.5%
2024-10-01,APP,AppLovin,NasdaqGS,Information Technology,Developed,4.008,43.67,3.956,0.827,30.0%,11.0x,53.0x,3.2%,70.6%,63.1%,98.2%
2024-09-01,ZM,Zoom Video,NasdaqGS,Information Technology,Developed,3.531,21.262,4.587,0.875,16.2%,4.6x,24.3x,8.1%,11.3%,408.4%,91.0%
2024-09-01,YOU,Clear Secure,NYSE,Information Technology,Developed,1.476,4.232,0.697,0.121,12.4%,6.1x,58.6x,6.4%,34.4%,105.7%,99.4%
2024-09-01,TDC,Teradata,NYSE,Information Technology,Developed,0.861,2.714,1.796,0.062,10.2%,1.5x,43.8x,9.8%,42.3%,33.9%,57.1%
2024-09-01,SMCI,Super Micro Computer,NasdaqGS,Information Technology,Developed,7.659,25.63,14.943,1.208,8.5%,1.7x,21.2x,-9.7%,32.5%,69.5%,35.6%
2024-09-01,NVDA,NVIDIA,NasdaqGS,Information Technology,Developed,313.5,2,928.1,96.307,53.008,61.9%,30.4x,55.2x,1.6%,123.8%,249.1%,84.8%
2024-09-01,NTNX,Nutanix,NasdaqGS,Information Technology,Developed,2.726,15.585,2.149,-0.125,0.4%,7.3x,-124.9x,3.8%,17.4%,79.9%,85.8%
2024-09-01,NSSC,NAPCO,NasdaqGS,Information Technology,Developed,0.405,1.71,0.189,0.05,29.4%,9.1x,34.3x,2.6%,31.2%,439.6%,79.8%
2024-09-01,MARA,Marathon Digital,NasdaqCM,Information Technology,Developed,43.083,4.918,0.565,0.289,43.7%,8.7x,17.0x,-19.7%,17.9%,258.1%,49.0%
2024-09-01,LSCC,Lattice Semiconductor,NasdaqGS,Information Technology,Developed,2.85,6.525,0.628,0.189,23.2%,10.4x,34.4x,2.9%,29.8%,136.0%,48.3%
2024-09-01,IPGP,IPG Photonics,NasdaqGS,Information Technology,Developed,0.239,3.024,1.11,0.141,10.2%,2.7x,21.5x,6.5%,6.0%,558.5%,61.5%
2024-09-01,FTNT,Fortinet,NasdaqGS,Information Technology,Developed,5.414,58.676,5.537,1.313,26.0%,10.6x,44.7x,2.7%,430.9%,89.6%,99.4%
2024-09-01,EPAM,EPAM Systems,NYSE,Information Technology,Developed,0.618,11.43,4.621,0.41,11.6%,2.5x,27.9x,4.8%,12.3%,306.9%,63.2%
2024-09-01,CRWD,CrowdStrike Holdings,NasdaqGS,Information Technology,Developed,8.899,67.969,3.516,0.174,1.5%,19.3x,399.4x,1.7%,7.3%,148.0%,69.6%
2024-09-01,AMKR,Amkor Technology,NasdaqGS,Information Technology,Developed,1.845,8.106,6.401,0.38,7.5%,1.3x,21.6x,6.2%,9.7%,102.6%,73.3%
2024-09-01,ACMR,ACM Research,NasdaqGM,Information Technology,Developed,1.33,1.127,0.694,0.107,17.2%,1.6x,13.3x,-7.4%,11.1%,63.3%,52.4%
2024-08-01,TDC,Teradata,NYSE,Information Technology,Developed,0.889,3.032,1.822,0.042,8.2%,1.7x,72.2x,9.0%,29.6%,34.3%,55.7%
2024-08-01,SCSC,ScanSource,NasdaqGS,Information Technology,Developed,0.22,1.216,3.461,0.08,3.0%,0.4x,15.6x,23.9%,8.6%,24.7%,92.4%
2024-08-01,RNG,RingCentral,NYSE,Information Technology,Developed,1.21,3.083,2.307,-0.133,-4.2%,1.3x,-23.3x,13.0%,26.5%,26.2%,83.9%
2024-08-01,QCOM,Qualcomm,NasdaqGS,Information Technology,Developed,10.55,182.7,37.349,8.712,26.3%,4.9x,20.7x,6.9%,38.9%,133.7%,71.1%
2024-08-01,PLAB,Photronics,NasdaqGS,Information Technology,Developed,0.481,1.488,0.885,0.207,27.5%,1.7x,11.1x,11.7%,13.7%,286.3%,68.8%
2024-08-01,PENG,Penguin Solutions,NasdaqGS,Information Technology,Developed,1.069,1.14,1.176,-0.166,3.1%,1.0x,25.3x,9.2%,12.2%,133.1%,72.3%
2024-08-01,NVDA,NVIDIA,NasdaqGS,Information Technology,Developed,205.2,2,683.9,79.774,42.598,59.8%,33.6x,63.0x,1.5%,115.7%,206.5%,77.6%
2024-08-01,LSCC,Lattice Semiconductor,NasdaqGS,Information Technology,Developed,2.357,6.675,0.628,0.189,23.2%,10.6x,35.1x,2.8%,29.8%,136.0%,49.3%
2024-08-01,IPGP,IPG Photonics,NasdaqGS,Information Technology,Developed,0.233,3.409,1.11,0.141,10.2%,3.1x,24.2x,5.8%,6.0%,558.5%,69.1%
2024-08-01,HLIT,Harmonic,NasdaqGS,Information Technology,Developed,1.255,1.682,0.556,0.057,1.2%,3.0x,29.7x,0.8%,15.4%,30.2%,94.7%
2024-08-01,EPAM,EPAM Systems,NYSE,Information Technology,Developed,0.799,12.461,4.645,0.431,12.3%,2.7x,28.9x,4.6%,13.1%,310.6%,67.7%
2024-08-01,CVLT,Commvault,NasdaqGS,Information Technology,Developed,0.397,6.437,0.866,0.174,9.9%,7.4x,36.8x,3.2%,77.0%,64.5%,94.8%
2024-08-01,CRWD,CrowdStrike Holdings,NasdaqGS,Information Technology,Developed,7.675,54.566,3.284,0.136,0.7%,16.6x,414.5x,2.0%,6.4%,138.0%,56.3%
2024-08-01,AMKR,Amkor Technology,NasdaqGS,Information Technology,Developed,1.631,7.394,6.401,0.38,7.5%,1.2x,19.7x,6.8%,9.7%,102.6%,66.9%
2024-08-01,ALGM,Allegro MicroSystems,NasdaqGS,Information Technology,Developed,1.957,4.596,0.938,0.074,14.7%,4.9x,62.0x,1.6%,6.9%,164.1%,55.4%
2024-07-01,ZM,Zoom Video,NasdaqGS,Information Technology,Developed,3.262,18.312,4.563,0.838,15.7%,4.0x,21.8x,9.0%,11.3%,397.3%,78.0%
2024-07-01,TDC,Teradata,NYSE,Information Technology,Developed,0.912,3.355,1.822,0.042,8.2%,1.8x,79.9x,8.1%,29.6%,34.3%,60.1%
2024-07-01,RPD,Rapid7,NasdaqGM,Information Technology,Developed,1.114,2.691,0.8,-0.121,0.8%,3.4x,-22.2x,4.7%,123.2%,78.6%,69.8%
2024-07-01,RNG,RingCentral,NYSE,Information Technology,Developed,1.106,2.714,2.253,-0.139,-6.0%,1.2x,-19.5x,13.5%,28.0%,26.6%,68.0%
2024-07-01,PANW,Palo Alto Networks,NasdaqGS,Information Technology,Developed,3.687,110.4,7.791,2.448,11.3%,14.2x,45.1x,2.7%,85.9%,40.8%,89.5%
2024-07-01,NVDA,NVIDIA,NasdaqGS,Information Technology,Developed,117.1,3,054.7,79.774,42.598,59.8%,38.3x,71.7x,1.3%,115.7%,206.5%,88.3%
2024-07-01,MANH,Manhattan Associates,NasdaqGS,Information Technology,Developed,0.439,15.102,0.962,0.192,22.9%,15.7x,78.8x,1.6%,91.1%,55.8%,91.9%
2024-07-01,IPGP,IPG Photonics,NasdaqGS,Information Technology,Developed,0.231,3.797,1.192,0.183,14.5%,3.2x,20.8x,5.5%,7.8%,593.4%,58.7%
2024-07-01,EPAM,EPAM Systems,NYSE,Information Technology,Developed,0.769,10.759,4.645,0.431,12.3%,2.3x,25.0x,5.4%,13.1%,310.6%,58.5%
2024-07-01,ENPH,Enphase Energy,NasdaqGM,Information Technology,Developed,4.024,13.233,1.828,0.276,14.5%,7.2x,48.0x,3.1%,29.2%,294.1%,50.6%
2024-07-01,DOCU,DocuSign,NasdaqGS,Information Technology,Developed,2.201,11.287,2.81,0.107,3.2%,4.0x,105.3x,8.0%,11.4%,67.7%,85.1%
2024-07-01,DDOG,Datadog,NasdaqGS,Information Technology,Developed,3.986,43.652,2.258,0.115,0.6%,19.3x,378.6x,1.6%,6.2%,285.9%,94.1%
2024-07-01,APP,AppLovin,NasdaqGS,Information Technology,Developed,4.368,27.907,3.626,0.597,25.6%,7.7x,47.0x,4.2%,44.7%,57.2%,95.8%
2024-07-01,AKAM,Akamai,NasdaqGS,Information Technology,Developed,1.694,13.637,3.883,0.626,17.9%,3.5x,21.8x,6.9%,14.2%,207.0%,69.3%
2024-07-01,ADBE,Adobe,NasdaqGS,Information Technology,Developed,3.495,248.3,20.429,5.079,35.4%,12.2x,48.9x,2.6%,34.2%,85.1%,87.7%
2024-06-01,TDC,Teradata,NYSE,Information Technology,Developed,1.073,3.153,1.822,0.042,8.2%,1.7x,75.1x,8.6%,29.6%,34.3%,56.5%
2024-06-01,SMCI,Super Micro Computer,NasdaqGS,Information Technology,Developed,7.119,45.938,11.82,1.049,9.7%,3.9x,43.8x,-4.3%,30.6%,123.2%,63.8%
2024-06-01,SCSC,ScanSource,NasdaqGS,Information Technology,Developed,0.219,1.172,3.461,0.08,3.0%,0.3x,15.0x,24.8%,8.6%,24.7%,93.1%
2024-06-01,RPD,Rapid7,NasdaqGM,Information Technology,Developed,0.915,2.252,0.8,-0.121,0.8%,2.8x,-18.6x,5.6%,123.2%,78.6%,58.4%
2024-06-01,RNG,RingCentral,NYSE,Information Technology,Developed,1.007,3.152,2.253,-0.139,-6.0%,1.4x,-22.6x,11.6%,28.0%,26.6%,79.0%
2024-06-01,NVDA,NVIDIA,NasdaqGS,Information Technology,Developed,49.799,2,694.3,79.774,42.598,59.8%,33.8x,63.2x,1.5%,115.7%,206.5%,94.7%
2024-06-01,FORM,FormFactor,NasdaqGS,Information Technology,Developed,0.527,4.223,0.664,0.103,2.0%,6.4x,41.1x,0.8%,11.8%,267.4%,90.0%
2024-06-01,EPAM,EPAM Systems,NYSE,Information Technology,Developed,0.675,10.315,4.645,0.431,12.3%,2.2x,23.9x,5.6%,13.1%,310.6%,56.0%
2024-06-01,DOCU,DocuSign,NasdaqGS,Information Technology,Developed,2.203,11.208,2.762,0.074,2.3%,4.1x,151.5x,7.9%,8.5%,63.0%,84.5%
2024-06-01,BL,Blackline,NasdaqGS,Information Technology,Developed,1.196,2.95,0.609,0.081,0.9%,4.8x,39.0x,5.1%,38.1%,204.1%,68.9%
2024-06-01,APP,AppLovin,NasdaqGS,Information Technology,Developed,4.357,26.808,3.626,0.597,25.6%,7.4x,45.1x,4.3%,44.7%,57.2%,92.1%
2024-06-01,AGYS,Agilysys,NasdaqGS,Information Technology,Developed,0.19,2.579,0.237,0.086,6.6%,10.9x,30.3x,1.6%,49.2%,162.1%,90.9%
2024-06-01,ADSK,Autodesk,NasdaqGS,Information Technology,Developed,1.715,43.125,5.497,0.906,20.5%,7.8x,47.6x,3.0%,60.4%,51.6%,72.1%
2024-06-01,ADBE,Adobe,NasdaqGS,Information Technology,Developed,3.54,199.3,19.936,4.801,35.0%,10.0x,41.5x,3.3%,32.4%,71.5%,69.7%
2024-05-01,TDC,Teradata,NYSE,Information Technology,Developed,1.195,3.65,1.833,0.062,9.8%,2.0x,58.9x,9.8%,31.6%,48.8%,64.7%
2024-05-01,SMCI,Super Micro Computer,NasdaqGS,Information Technology,Developed,10.421,43.228,11.82,1.049,9.7%,3.7x,41.2x,-4.4%,30.6%,123.2%,60.1%
2024-05-01,ROG,Rogers,NYSE,Information Technology,Developed,0.178,2.213,0.878,0.068,6.1%,2.5x,32.6x,4.9%,5.6%,99.9%,68.5%
2024-05-01,RNG,RingCentral,NYSE,Information Technology,Developed,1.145,2.777,2.202,-0.165,-8.1%,1.3x,-16.8x,13.5%,33.5%,35.1%,69.5%
2024-05-01,QLYS,Qualys,NasdaqGS,Information Technology,Developed,0.483,6.108,0.555,0.152,29.4%,11.0x,40.3x,3.9%,46.1%,109.3%,80.1%
2024-05-01,PRF,PRF,NasdaqGM,Information Technology,Developed,0.292,1.658,0.907,0.099,14.6%,1.8x,16.8x,8.4%,21.0%,164.2%,48.7%
2024-05-01,NVDA,NVIDIA,NasdaqGS,Information Technology,Developed,53.748,2,043.8,60.922,29.76,54.1%,33.5x,68.7x,1.3%,91.5%,244.4%,85.3%
2024-05-01,NTNX,Nutanix,NasdaqGS,Information Technology,Developed,2.65,14.931,2.019,-0.067,-3.8%,7.4x,-221.8x,2.6%,9.7%,141.4%,91.2%
2024-05-01,NSSC,NAPCO,NasdaqGS,Information Technology,Developed,0.397,1.48,0.177,0.043,26.6%,8.3x,34.3x,2.7%,30.1%,372.3%,87.1%
2024-05-01,MARA,Marathon Digital,NasdaqCM,Information Technology,Developed,62.779,4.386,0.387,0.261,57.0%,11.3x,16.9x,-11.5%,25.9%,1,058.5%,47.1%
2024-05-01,IPGP,IPG Photonics,NasdaqGS,Information Technology,Developed,0.276,3.807,1.192,0.183,14.5%,3.2x,20.8x,5.5%,7.8%,593.4%,58.9%
2024-05-01,HLIT,Harmonic,NasdaqGS,Information Technology,Developed,2.014,1.242,0.573,0.071,2.0%,2.2x,17.5x,1.6%,19.0%,30.7%,60.2%
2024-05-01,FFIV,F5 Networks,NasdaqGS,Information Technology,Developed,0.452,9.765,2.784,0.499,22.7%,3.5x,19.6x,7.1%,17.6%,60.1%,83.5%
2024-05-01,CVLT,Commvault,NasdaqGS,Information Technology,Developed,0.309,4.484,0.839,0.169,9.5%,5.3x,26.6x,4.5%,72.8%,64.5%,95.6%
2024-05-01,APP,AppLovin,NasdaqGS,Information Technology,Developed,4.402,22.974,3.283,0.357,19.8%,7.0x,64.7x,4.6%,22.5%,53.2%,87.7%
2024-04-01,ZM,Zoom Video,NasdaqGS,Information Technology,Developed,3.447,19.908,4.527,0.638,13.2%,4.4x,31.2x,7.4%,9.0%,395.1%,85.3%
2024-04-01,TDC,Teradata,NYSE,Information Technology,Developed,1.179,3.752,1.833,0.062,9.8%,2.0x,60.6x,9.5%,31.6%,48.8%,66.5%
2024-04-01,SMCI,Super Micro Computer,NasdaqGS,Information Technology,Developed,10.859,60.726,9.253,0.732,9.4%,6.6x,82.9x,-0.3%,29.9%,36.4%,84.4%
2024-04-01,PRF,PRF,NasdaqGM,Information Technology,Developed,0.203,1.947,0.907,0.099,14.6%,2.1x,19.7x,7.1%,21.0%,164.2%,57.5%
2024-04-01,NVDA,NVIDIA,NasdaqGS,Information Technology,Developed,53.848,2,224,60.922,29.76,54.1%,36.5x,74.7x,1.2%,91.5%,244.4%,92.8%
2024-04-01,NTNX,Nutanix,NasdaqGS,Information Technology,Developed,2.877,15.227,2.019,-0.067,-3.8%,7.5x,-226.2x,2.6%,9.7%,141.4%,93.0%
2024-04-01,MSTR,Strategy,NasdaqGS,Information Technology,Developed,2.3,27.772,0.496,0.429,-23.2%,56.0x,64.7x,0.0%,48.2%,14.5%,81.8%
2024-04-01,MARA,Marathon Digital,NasdaqCM,Information Technology,Developed,82.092,5.789,0.387,0.261,57.0%,14.9x,22.3x,-8.7%,25.9%,1,058.5%,63.4%
2024-04-01,IPGP,IPG Photonics,NasdaqGS,Information Technology,Developed,0.315,4.156,1.287,0.219,18.0%,3.2x,19.0x,4.5%,9.1%,548.0%,63.6%
2024-04-01,EXTR,Extreme Networks,NasdaqGS,Information Technology,Developed,2.158,1.48,1.346,0.08,9.5%,1.1x,18.5x,14.9%,83.2%,40.3%,35.1%
2024-04-01,ENPH,Enphase Energy,NasdaqGM,Information Technology,Developed,4.177,16.059,2.291,0.439,20.1%,7.0x,36.6x,3.7%,48.5%,318.3%,51.1%
2024-04-01,APP,AppLovin,NasdaqGS,Information Technology,Developed,4.215,22.776,3.283,0.357,19.8%,6.9x,64.2x,4.6%,22.5%,53.2%,92.7%
2024-04-01,ALGM,Allegro MicroSystems,NasdaqGS,Information Technology,Developed,1.788,5.185,1.078,0.222,22.0%,4.8x,23.4x,1.5%,21.9%,178.3%,50.6%
2024-04-01,AGYS,Agilysys,NasdaqGS,Information Technology,Developed,0.218,2.283,0.228,0.087,6.9%,10.0x,26.7x,1.0%,50.1%,127.4%,92.6%
2024-04-01,ACLS,Axcelis,NasdaqGS,Information Technology,Developed,0.713,3.667,1.131,0.246,23.5%,3.2x,14.9x,3.7%,32.1%,177.5%,55.9%
2024-03-01,ZM,Zoom Video,NasdaqGS,Information Technology,Developed,4.113,21.587,4.527,0.638,11.6%,4.8x,33.9x,6.8%,9.0%,395.1%,93.4%
2024-03-01,TDC,Teradata,NYSE,Information Technology,Developed,1.134,3.756,1.833,0.062,9.8%,2.0x,60.6x,9.5%,31.6%,48.8%,66.8%
2024-03-01,SMCI,Super Micro Computer,NasdaqGS,Information Technology,Developed,8.958,50.647,9.253,0.732,9.4%,5.5x,69.2x,-0.3%,29.9%,36.4%,84.0%
2024-03-01,RNG,RingCentral,NYSE,Information Technology,Developed,1.391,3.127,2.202,-0.165,-8.1%,1.4x,-18.9x,12.0%,33.5%,35.1%,78.3%
2024-03-01,PRF,PRF,NasdaqGM,Information Technology,Developed,0.172,2.266,0.907,0.099,14.6%,2.5x,22.9x,6.1%,21.0%,164.2%,66.9%
2024-03-01,P,Pure Storage,NYSE,Information Technology,Developed,4.961,17.483,2.831,0.061,3.1%,6.2x,285.1x,2.8%,5.5%,112.1%,98.8%
2024-03-01,NVDA,NVIDIA,NasdaqGS,Information Technology,Developed,46.25,2,025.1,60.922,29.76,54.1%,33.2x,68.0x,1.3%,91.5%,244.4%,99.9%
2024-03-01,NTNX,Nutanix,NasdaqGS,Information Technology,Developed,2.584,15.629,2.019,-0.067,-4.1%,7.7x,-232.2x,2.5%,9.7%,141.4%,97.8%
2024-03-01,MSTR,Strategy,NasdaqGS,Information Technology,Developed,1.477,18.315,0.496,0.429,-23.2%,36.9x,42.7x,0.1%,48.2%,14.5%,99.9%
2024-03-01,MARA,Marathon Digital,NasdaqCM,Information Technology,Developed,86.303,7.226,0.387,0.261,57.0%,18.6x,27.9x,-6.9%,25.9%,1,058.5%,79.2%
2024-03-01,IPGP,IPG Photonics,NasdaqGS,Information Technology,Developed,0.293,4.041,1.287,0.218,18.0%,3.1x,18.5x,4.6%,9.1%,548.0%,61.8%
2024-03-01,EXTR,Extreme Networks,NasdaqGS,Information Technology,Developed,2.2,1.604,1.346,0.08,9.5%,1.2x,20.0x,13.8%,83.2%,40.3%,38.1%
2024-03-01,ENPH,Enphase Energy,NasdaqGM,Information Technology,Developed,5.045,17.603,2.291,0.439,20.1%,7.7x,40.1x,3.3%,48.5%,318.3%,56.0%
2024-03-01,DOCU,DocuSign,NasdaqGS,Information Technology,Developed,5.008,11.13,2.709,0.052,2.0%,4.1x,215.7x,6.8%,7.2%,72.6%,81.5%
2024-03-01,APP,AppLovin,NasdaqGS,Information Technology,Developed,3.72,21.293,3.283,0.357,19.8%,6.5x,60.0x,5.0%,22.5%,53.2%,99.9%
2024-02-01,ZBRA,Zebra Technologies,NasdaqGS,Information Technology,Developed,0.419,12.46,5.078,0.465,15.1%,2.5x,26.8x,0.4%,16.4%,6.5%,69.0%
2024-02-01,SMCI,Super Micro Computer,NasdaqGS,Information Technology,Developed,4.857,32.59,9.253,0.732,9.4%,3.5x,44.5x,-0.5%,29.9%,36.4%,99.3%
2024-02-01,RNG,RingCentral,NYSE,Information Technology,Developed,1.418,3.167,2.156,-0.402,-9.6%,1.5x,-7.9x,9.4%,110.3%,71.4%,68.5%
2024-02-01,PLAB,Photronics,NasdaqGS,Information Technology,Developed,0.541,1.902,0.892,0.199,28.4%,2.1x,15.2x,9.0%,13.9%,276.5%,92.2%
2024-02-01,NTNX,Nutanix,NasdaqGS,Information Technology,Developed,2.221,13.853,1.94,-0.17,-6.0%,7.1x,-81.1x,2.1%,23.8%,142.9%,99.2%
2024-02-01,MSTR,Strategy,NasdaqGS,Information Technology,Developed,1.207,7.873,0.504,0.09,-52.7%,15.6x,87.2x,-0.1%,28.2%,16.8%,69.2%
2024-02-01,MANH,Manhattan Associates,NasdaqGS,Information Technology,Developed,0.427,15.334,0.929,0.177,22.6%,16.5x,86.8x,1.6%,69.9%,74.0%,96.2%
2024-02-01,LSCC,Lattice Semiconductor,NasdaqGS,Information Technology,Developed,2.26,8.438,0.743,0.212,30.2%,11.4x,39.8x,3.0%,39.8%,113.6%,62.2%
2024-02-01,EXTR,Extreme Networks,NasdaqGS,Information Technology,Developed,2.381,1.702,1.346,0.08,9.5%,1.3x,21.2x,13.0%,83.2%,40.3%,40.4%
2024-02-01,ENPH,Enphase Energy,NasdaqGM,Information Technology,Developed,4.937,14.354,2.713,0.572,22.8%,5.3x,25.1x,5.6%,70.4%,230.4%,42.7%
2024-02-01,CRUS,Cirrus Logic,NasdaqGS,Information Technology,Developed,0.406,4.149,1.761,0.141,17.1%,2.4x,29.5x,3.1%,8.4%,155.3%,69.2%
2024-02-01,COHU,Cohu,NasdaqGS,Information Technology,Developed,0.251,1.528,0.69,0.052,10.3%,2.2x,29.5x,7.2%,5.7%,301.7%,73.1%
2024-02-01,AMKR,Amkor Technology,NasdaqGS,Information Technology,Developed,0.942,7.852,6.657,0.407,8.1%,1.2x,19.3x,5.2%,11.1%,73.3%,92.8%
2024-02-01,AMAT,Applied Materials,NasdaqGS,Information Technology,Developed,5.862,138.9,26.517,6.856,28.9%,5.2x,20.3x,5.5%,48.0%,93.2%,93.6%
2024-02-01,ALGM,Allegro MicroSystems,NasdaqGS,Information Technology,Developed,1.507,5.609,1.078,0.222,23.9%,5.2x,25.3x,1.4%,21.9%,178.3%,54.9%
2024-01-01,XRX,Xerox,NasdaqGS,Information Technology,Developed,2.155,2.253,7.062,0.182,5.8%,0.3x,13.6x,19.0%,5.5%,17.7%,97.8%
2024-01-01,SMCI,Super Micro Computer,NasdaqGS,Information Technology,Developed,3.193,15.877,7.391,0.613,9.7%,2.1x,25.9x,3.7%,32.3%,33.9%,79.6%
2024-01-01,RNG,RingCentral,NYSE,Information Technology,Developed,1.333,3.183,2.156,-0.402,-9.6%,1.5x,-7.9x,9.4%,110.3%,71.4%,68.8%
2024-01-01,PRF,PRF,NasdaqGM,Information Technology,Developed,0.193,2.289,0.918,0.102,15.0%,2.5x,22.4x,5.6%,23.0%,113.9%,67.9%
2024-01-01,PLAB,Photronics,NasdaqGS,Information Technology,Developed,0.521,1.964,0.892,0.2,28.4%,2.2x,15.7x,8.7%,13.9%,276.5%,96.2%
2024-01-01,NSIT,Insight Enterprises,NasdaqGS,Information Technology,Developed,0.226,5.772,9.442,0.268,4.4%,0.6x,21.5x,11.7%,16.5%,8.9%,95.2%
2024-01-01,MSTR,Strategy,NasdaqGS,Information Technology,Developed,0.969,9.877,0.504,0.09,-52.7%,19.6x,109.3x,-0.1%,28.2%,16.8%,91.6%
2024-01-01,MANH,Manhattan Associates,NasdaqGS,Information Technology,Developed,0.449,13.256,0.889,0.166,22.0%,14.9x,80.0x,1.6%,81.2%,54.8%,93.4%
2024-01-01,LSCC,Lattice Semiconductor,NasdaqGS,Information Technology,Developed,2.426,9.523,0.743,0.212,30.2%,12.8x,44.9x,2.7%,39.8%,113.6%,70.2%
2024-01-01,IDCC,InterDigital,NasdaqGS,Information Technology,Developed,0.326,2.79,0.561,0.204,41.9%,5.0x,13.5x,21.1%,32.4%,243.3%,97.1%
2024-01-01,EXTR,Extreme Networks,NasdaqGS,Information Technology,Developed,2.361,2.286,1.368,0.094,9.6%,1.7x,24.3x,11.4%,86.0%,42.4%,53.9%
2024-01-01,ENPH,Enphase Energy,NasdaqGM,Information Technology,Developed,5.591,17.988,2.713,0.572,22.8%,6.6x,31.5x,4.5%,70.4%,230.4%,48.6%
2024-01-01,DOCU,DocuSign,NasdaqGS,Information Technology,Developed,4.217,12.123,2.709,0.052,2.0%,4.5x,234.9x,6.2%,7.2%,72.6%,85.6%
2024-01-01,ALGM,Allegro MicroSystems,NasdaqGS,Information Technology,Developed,1.304,5.826,1.072,0.253,25.1%,5.4x,23.0x,1.3%,26.5%,275.6%,57.1%
2024-01-01,ACLS,Axcelis,NasdaqGS,Information Technology,Developed,0.611,4.247,1.086,0.232,22.4%,3.9x,18.3x,4.7%,32.8%,176.5%,64.5%
2023-12-01,ZBRA,Zebra Technologies,NasdaqGS,Information Technology,Developed,0.478,12.389,5.078,0.465,15.1%,2.4x,26.6x,0.4%,16.4%,6.5%,68.6%
2023-12-01,XRX,Xerox,NasdaqGS,Information Technology,Developed,2.026,1.742,7.062,0.182,5.8%,0.2x,10.5x,24.6%,5.5%,17.7%,82.8%
2023-12-01,TRMB,Trimble,NasdaqGS,Information Technology,Developed,1.558,11.78,3.723,0.334,13.9%,3.2x,35.3x,4.8%,8.2%,16.2%,76.4%
2023-12-01,RNG,RingCentral,NYSE,Information Technology,Developed,1.18,2.883,2.156,-0.402,-9.6%,1.3x,-7.2x,10.4%,110.3%,71.4%,62.3%
2023-12-01,PLAB,Photronics,NasdaqGS,Information Technology,Developed,0.509,1.325,0.875,0.191,28.4%,1.5x,11.2x,9.8%,13.0%,249.6%,78.5%
2023-12-01,PANW,Palo Alto Networks,NasdaqGS,Information Technology,Developed,3.632,93.379,7.207,0.614,8.1%,13.0x,152.1x,3.1%,45.8%,51.8%,99.8%
2023-12-01,NTNX,Nutanix,NasdaqGS,Information Technology,Developed,2.328,10.9,1.94,-0.171,-7.1%,5.6x,-63.8x,2.7%,23.8%,142.9%,98.6%
2023-12-01,NTAP,NetApp,NasdaqGS,Information Technology,Developed,1.752,18.807,6.101,0.692,18.1%,3.1x,27.2x,5.5%,70.2%,70.3%,99.5%
2023-12-01,NSSC,NAPCO,NasdaqGS,Information Technology,Developed,0.414,1.151,0.172,0.035,21.9%,6.7x,33.3x,3.0%,26.0%,340.8%,76.3%
2023-12-01,MSTR,Strategy,NasdaqGS,Information Technology,Developed,0.759,8.251,0.504,0.09,-52.7%,16.4x,91.3x,-0.1%,28.2%,16.8%,98.6%
2023-12-01,EXTR,Extreme Networks,NasdaqGS,Information Technology,Developed,2.399,2.123,1.368,0.095,9.6%,1.6x,22.5x,12.3%,86.0%,42.4%,50.0%
2023-12-01,ENPH,Enphase Energy,NasdaqGM,Information Technology,Developed,4.763,14.501,2.713,0.572,22.8%,5.3x,25.4x,5.6%,70.4%,230.4%,31.3%
2023-12-01,BL,Blackline,NasdaqGS,Information Technology,Developed,0.568,3.676,0.574,0.045,-2.5%,6.4x,87.4x,2.9%,28.7%,191.8%,77.0%
2023-12-01,BDC,Belden,NYSE,Information Technology,Developed,0.348,2.854,2.62,0.266,13.4%,1.1x,10.7x,8.6%,22.8%,96.0%,69.1%
2023-12-01,APP,AppLovin,NasdaqGS,Information Technology,Developed,2.777,12.844,3.032,0.105,13.8%,4.2x,123.5x,6.8%,7.0%,41.5%,84.8%
2023-11-01,XRX,Xerox,NasdaqGS,Information Technology,Developed,1.861,1.608,7.062,0.182,5.8%,0.2x,9.7x,26.7%,5.5%,17.7%,76.4%
2023-11-01,VYX,NCR Voyix,NYSE,Information Technology,Developed,1.539,2.195,0.786,0.094,9.4%,0.3x,29.3x,32.7%,5.1%,21.3%,90.3%
2023-11-01,SYNA,Synaptics,NasdaqGS,Information Technology,Developed,0.483,3.134,1.355,0.074,11.4%,2.3x,42.6x,9.5%,5.9%,359.2%,56.5%
2023-11-01,RNG,RingCentral,NYSE,Information Technology,Developed,1.233,2.403,2.107,-0.645,-11.0%,1.1x,-3.7x,10.4%,253.0%,38.0%,51.5%
2023-11-01,PLAB,Photronics,NasdaqGS,Information Technology,Developed,0.543,1.158,0.875,0.191,28.4%,1.3x,9.8x,11.2%,13.0%,249.6%,68.6%
2023-11-01,NTNX,Nutanix,NasdaqGS,Information Technology,Developed,2.115,8.894,1.863,-0.255,-11.1%,4.5x,-34.9x,2.3%,33.8%,126.5%,92.2%
2023-11-01,LSCC,Lattice Semiconductor,NasdaqGS,Information Technology,Developed,1.984,7.538,0.743,0.212,30.2%,10.2x,35.5x,3.4%,39.8%,113.6%,55.6%
2023-11-01,EXTR,Extreme Networks,NasdaqGS,Information Technology,Developed,2.432,2.313,1.368,0.095,9.6%,1.7x,24.6x,11.2%,86.0%,42.4%,54.6%
2023-11-01,EPAM,EPAM Systems,NYSE,Information Technology,Developed,0.415,12.557,4.839,0.533,13.5%,2.6x,23.5x,4.5%,18.1%,316.5%,56.1%
2023-11-01,ENPH,Enphase Energy,NasdaqGM,Information Technology,Developed,4.236,10.445,2.713,0.572,22.8%,3.9x,18.3x,7.7%,70.4%,230.4%,22.6%
2023-11-01,DOCN,DigitalOcean Holdings,NYSE,Information Technology,Developed,1.722,1.761,0.65,-0.018,-0.2%,2.7x,-96.9x,6.5%,16.6%,329.0%,38.3%
2023-11-01,DIOD,Diodes,NasdaqGS,Information Technology,Developed,0.307,2.991,1.952,0.338,19.6%,1.5x,9.0x,7.0%,22.0%,80.1%,66.8%
2023-11-01,COHU,Cohu,NasdaqGS,Information Technology,Developed,0.29,1.442,0.746,0.073,13.1%,1.9x,19.8x,8.3%,7.9%,269.0%,68.9%
2023-11-01,CGNX,Cognex,NasdaqGS,Information Technology,Developed,0.99,5.985,0.88,0.157,19.2%,6.8x,38.0x,2.4%,10.9%,302.1%,58.5%
2023-11-01,ALGM,Allegro MicroSystems,NasdaqGS,Information Technology,Developed,1.391,4.956,1.034,0.238,24.8%,4.8x,20.8x,1.9%,26.6%,233.6%,48.6%
2023-10-01,SYNA,Synaptics,NasdaqGS,Information Technology,Developed,0.518,3.491,1.355,0.074,11.4%,2.6x,47.4x,8.5%,5.9%,359.2%,62.9%
2023-10-01,SQSP,Squarespace,NYSE,Information Technology,Developed,0.558,3.939,0.931,-0.22,8.3%,4.2x,-17.9x,4.7%,131.8%,56.4%,84.3%
2023-10-01,ROG,Rogers,NYSE,Information Technology,Developed,0.152,2.447,0.946,0.096,8.7%,2.6x,25.4x,2.7%,8.3%,119.3%,53.0%
2023-10-01,RNG,RingCentral,NYSE,Information Technology,Developed,1.372,2.806,2.107,-0.645,-11.0%,1.3x,-4.4x,8.9%,253.0%,38.0%,60.1%
2023-10-01,PRF,PRF,NasdaqGM,Information Technology,Developed,0.311,2.014,0.923,0.103,15.8%,2.2x,19.6x,7.1%,24.4%,77.2%,59.7%
2023-10-01,PLAB,Photronics,NasdaqGS,Information Technology,Developed,0.546,1.264,0.875,0.191,28.4%,1.4x,10.7x,10.3%,13.0%,249.6%,74.9%
2023-10-01,NTNX,Nutanix,NasdaqGS,Information Technology,Developed,1.845,8.358,1.863,-0.255,-11.1%,4.5x,-32.8x,2.5%,33.8%,126.5%,94.7%
2023-10-01,MXL,MaxLinear,NasdaqGS,Information Technology,Developed,1.343,1.803,1.009,0.065,12.9%,1.8x,27.9x,9.3%,9.8%,101.4%,51.0%
2023-10-01,KLAC,KLA Corp,NasdaqGS,Information Technology,Developed,0.985,62.526,10.496,3.387,38.0%,6.0x,18.5x,5.3%,156.8%,86.6%,88.2%
2023-10-01,EXTR,Extreme Networks,NasdaqGS,Information Technology,Developed,2.161,3.136,1.312,0.078,8.5%,2.4x,40.2x,7.5%,75.4%,40.8%,74.0%
2023-10-01,EPAM,EPAM Systems,NYSE,Information Technology,Developed,0.445,14.82,4.839,0.533,13.5%,3.1x,27.8x,3.8%,18.1%,316.5%,65.6%
2023-10-01,ENPH,Enphase Energy,NasdaqGM,Information Technology,Developed,3.716,16.333,2.796,0.573,22.8%,5.8x,28.5x,5.3%,80.4%,242.1%,35.3%
2023-10-01,DOCN,DigitalOcean Holdings,NYSE,Information Technology,Developed,1.866,2.135,0.65,-0.018,-0.2%,3.3x,-117.4x,5.4%,16.6%,329.0%,46.5%
2023-10-01,COHU,Cohu,NasdaqGS,Information Technology,Developed,0.29,1.639,0.746,0.073,13.1%,2.2x,22.5x,7.3%,7.9%,269.0%,78.3%
2023-10-01,AGYS,Agilysys,NasdaqGS,Information Technology,Developed,0.123,1.655,0.207,0.058,5.8%,8.0x,147.0x,1.5%,10.6%,144.9%,75.0%
2023-09-01,SYNA,Synaptics,NasdaqGS,Information Technology,Developed,0.543,3.476,1.355,0.074,11.4%,2.6x,47.2x,8.6%,5.9%,359.2%,62.6%
2023-09-01,SQSP,Squarespace,NYSE,Information Technology,Developed,0.622,4.087,0.931,-0.22,8.3%,4.4x,-18.6x,4.5%,131.8%,56.4%,87.7%
2023-09-01,RNG,RingCentral,NYSE,Information Technology,Developed,1.417,3.023,2.107,-0.645,-11.0%,1.4x,-4.7x,8.3%,253.0%,38.0%,64.7%
2023-09-01,PRO,PROS,NYSE,Information Technology,Developed,0.342,1.652,0.29,-0.063,-21.8%,5.7x,-26.0x,-1.5%,165.9%,60.5%,91.8%
2023-09-01,PRF,PRF,NasdaqGM,Information Technology,Developed,0.313,2.189,0.923,0.103,15.8%,2.4x,21.3x,6.5%,24.4%,77.2%,64.9%
2023-09-01,PLAB,Photronics,NasdaqGS,Information Technology,Developed,0.573,1.512,0.871,0.193,28.4%,1.7x,12.4x,9.7%,13.9%,223.0%,89.7%
2023-09-01,NTNX,Nutanix,NasdaqGS,Information Technology,Developed,1.597,8.228,1.863,-0.255,-8.8%,4.4x,-32.3x,2.5%,34.0%,126.5%,95.6%
2023-09-01,MXL,MaxLinear,NasdaqGS,Information Technology,Developed,1.37,1.952,1.009,0.065,12.9%,1.9x,30.2x,8.6%,9.8%,101.4%,55.2%
2023-09-01,KEYS,Keysight Technologies,NYSE,Information Technology,Developed,1.246,23.774,5.596,1.13,25.7%,4.2x,21.0x,5.1%,25.6%,192.2%,70.7%
2023-09-01,EXTR,Extreme Networks,NasdaqGS,Information Technology,Developed,2.232,3.529,1.312,0.078,8.5%,2.7x,45.2x,6.7%,75.4%,40.8%,82.9%
2023-09-01,EPAM,EPAM Systems,NYSE,Information Technology,Developed,0.599,14.986,4.839,0.533,13.5%,3.1x,28.1x,3.7%,18.1%,316.5%,58.8%
2023-09-01,ENPH,Enphase Energy,NasdaqGM,Information Technology,Developed,3.719,17.499,2.796,0.573,22.8%,6.3x,30.6x,4.9%,80.4%,242.1%,37.9%
2023-09-01,DOCN,DigitalOcean Holdings,NYSE,Information Technology,Developed,1.856,2.378,0.65,-0.018,-0.2%,3.7x,-130.8x,4.8%,16.6%,329.0%,51.8%
2023-09-01,COHU,Cohu,NasdaqGS,Information Technology,Developed,0.29,1.795,0.746,0.073,13.1%,2.4x,24.7x,6.7%,7.9%,269.0%,85.7%
2023-09-01,AGYS,Agilysys,NasdaqGS,Information Technology,Developed,0.157,1.778,0.207,0.058,5.8%,8.6x,158.0x,1.4%,10.6%,144.9%,80.6%
2023-08-01,VYX,NCR Voyix,NYSE,Information Technology,Developed,1.31,3.701,0.787,0.104,8.7%,0.5x,41.1x,16.4%,6.4%,19.6%,74.4%
2023-08-01,VIAV,Viavi Solutions,NasdaqGS,Information Technology,Developed,1.777,2.454,1.178,0.042,10.4%,2.1x,58.3x,4.1%,6.0%,141.1%,68.9%
2023-08-01,SYNA,Synaptics,NasdaqGS,Information Technology,Developed,0.624,3.668,1.604,0.18,19.8%,2.3x,20.4x,9.8%,14.5%,347.3%,61.9%
2023-08-01,SPSC,SPS Commerce,NasdaqGS,Information Technology,Developed,0.195,6.42,0.493,0.062,14.7%,13.0x,104.0x,1.5%,11.2%,241.3%,89.2%
2023-08-01,RNG,RingCentral,NYSE,Information Technology,Developed,1.786,3.989,2.054,-0.783,-14.3%,1.9x,-5.1x,5.2%,369.9%,46.5%,75.5%
2023-08-01,PRF,PRF,NasdaqGM,Information Technology,Developed,0.302,2.124,0.923,0.103,15.8%,2.3x,20.7x,6.7%,24.4%,77.2%,55.3%
2023-08-01,NTNX,Nutanix,NasdaqGS,Information Technology,Developed,1.511,7.122,1.754,-0.391,-15.0%,4.1x,-18.2x,2.6%,51.8%,119.9%,89.6%
2023-08-01,NSSC,NAPCO,NasdaqGS,Information Technology,Developed,0.433,1.373,0.169,0.033,22.5%,8.1x,41.3x,0.7%,26.9%,320.2%,90.5%
2023-08-01,MXL,MaxLinear,NasdaqGS,Information Technology,Developed,1.232,1.986,1.105,0.101,15.5%,2.0x,30.7x,8.5%,9.8%,101.4%,56.1%
2023-08-01,EPAM,EPAM Systems,NYSE,Information Technology,Developed,0.698,13.867,4.864,0.432,12.9%,2.9x,32.1x,3.9%,15.2%,265.0%,51.7%
2023-08-01,ENPH,Enphase Energy,NasdaqGM,Information Technology,Developed,3.824,20.434,2.796,0.573,22.8%,7.3x,35.7x,4.2%,80.4%,242.1%,44.2%
2023-08-01,DV,DoubleVerify Holdings,NYSE,Communication Services,Developed,1.498,6.01,0.502,0.053,14.2%,12.0x,112.5x,1.1%,6.1%,446.0%,84.5%
2023-08-01,CRUS,Cirrus Logic,NasdaqGS,Information Technology,Developed,0.525,4.454,1.898,0.177,18.2%,2.3x,25.2x,6.8%,10.8%,222.2%,73.1%
2023-08-01,ALRM,Alarm.com Holdings,NasdaqGS,Information Technology,Developed,0.239,2.743,0.847,0.061,7.5%,3.2x,44.5x,1.4%,10.4%,376.1%,69.7%
2023-08-01,ALGM,Allegro MicroSystems,NasdaqGS,Information Technology,Developed,1.534,8.696,1.034,0.238,24.5%,8.4x,36.5x,1.1%,26.6%,230.2%,85.3%
2023-07-01,VYX,NCR Voyix,NYSE,Information Technology,Developed,1.336,3.538,0.787,0.104,8.7%,0.4x,39.3x,17.2%,6.4%,19.6%,71.1%
2023-07-01,VIAV,Viavi Solutions,NasdaqGS,Information Technology,Developed,1.891,2.52,1.178,0.042,10.4%,2.1x,59.9x,4.0%,6.0%,141.1%,70.8%
2023-07-01,SYNA,Synaptics,NasdaqGS,Information Technology,Developed,0.633,3.375,1.604,0.18,19.8%,2.1x,18.8x,10.6%,14.5%,347.3%,56.9%
2023-07-01,SQSP,Squarespace,NYSE,Information Technology,Developed,0.761,4.262,0.896,-0.159,5.6%,4.8x,-26.8x,4.0%,77.9%,49.0%,91.7%
2023-07-01,RPD,Rapid7,NasdaqGM,Information Technology,Developed,1.218,2.733,0.711,-0.106,-13.3%,3.8x,-25.9x,2.0%,85.6%,53.1%,60.5%
2023-07-01,RNG,RingCentral,NYSE,Information Technology,Developed,1.864,3.143,2.054,-0.783,-14.3%,1.5x,-4.0x,6.6%,369.9%,46.5%,53.3%
2023-07-01,NTNX,Nutanix,NasdaqGS,Information Technology,Developed,1.387,6.613,1.754,-0.391,-15.0%,3.8x,-16.9x,2.8%,51.8%,119.9%,83.2%
2023-07-01,NSSC,NAPCO,NasdaqGS,Information Technology,Developed,0.468,1.274,0.169,0.033,22.5%,7.6x,38.3x,0.7%,26.9%,320.2%,84.0%
2023-07-01,MXL,MaxLinear,NasdaqGS,Information Technology,Developed,0.771,2.524,1.105,0.101,15.5%,2.3x,25.0x,10.1%,16.0%,75.5%,72.3%
2023-07-01,MEI,Methode Electronics,NYSE,Information Technology,Developed,0.231,1.252,1.18,0.078,8.7%,1.1x,16.2x,7.3%,8.3%,69.6%,65.5%
2023-07-01,EPAM,EPAM Systems,NYSE,Information Technology,Developed,0.689,13.014,4.864,0.432,12.9%,2.7x,30.1x,4.1%,15.2%,265.0%,48.5%
2023-07-01,CRUS,Cirrus Logic,NasdaqGS,Information Technology,Developed,0.609,4.441,1.898,0.177,18.2%,2.3x,25.1x,6.9%,10.8%,222.2%,72.9%
2023-07-01,ATEN,A10 Networks,NYSE,Information Technology,Developed,0.689,1.079,0.275,0.045,18.6%,3.9x,24.2x,3.6%,24.0%,140.3%,74.6%
2023-07-01,ALGM,Allegro MicroSystems,NasdaqGS,Information Technology,Developed,1.548,8.676,0.973,0.187,20.6%,8.9x,46.3x,1.3%,22.0%,212.7%,92.7%
2023-07-01,AGYS,Agilysys,NasdaqGS,Information Technology,Developed,0.18,1.713,0.198,0.015,6.8%,8.6x,134.4x,1.6%,12.3%,143.7%,77.9%
2023-06-01,VYX,NCR Voyix,NYSE,Information Technology,Developed,1.324,3.37,0.787,0.104,8.7%,0.4x,37.4x,18.0%,6.4%,19.6%,67.8%
2023-06-01,SYNA,Synaptics,NasdaqGS,Information Technology,Developed,0.581,3.314,1.604,0.18,19.8%,2.1x,18.4x,10.8%,14.5%,347.3%,54.2%
2023-06-01,SQSP,Squarespace,NYSE,Information Technology,Developed,0.794,3.98,0.896,-0.159,5.6%,4.4x,-25.1x,4.3%,77.9%,49.0%,88.1%
2023-06-01,SMTC,Semtech,NasdaqGS,Information Technology,Developed,1.699,1.422,0.757,0.061,11.4%,1.9x,23.2x,6.9%,8.2%,64.0%,33.9%
2023-06-01,SANM,Sanmina,NasdaqGS,Information Technology,Developed,0.406,3.051,8.924,0.316,5.0%,0.3x,9.9x,3.2%,15.7%,31.8%,75.7%
2023-06-01,RPD,Rapid7,NasdaqGM,Information Technology,Developed,1.145,2.895,0.711,-0.106,-13.3%,4.1x,-27.4x,1.9%,85.6%,53.1%,64.1%
2023-06-01,RNG,RingCentral,NYSE,Information Technology,Developed,2.288,3.395,2.054,-0.783,-14.3%,1.7x,-4.3x,6.1%,369.9%,46.5%,51.8%
2023-06-01,PRF,PRF,NasdaqGM,Information Technology,Developed,0.217,2.648,0.914,0.104,16.4%,2.9x,25.5x,5.3%,26.6%,49.9%,68.9%
2023-06-01,NTNX,Nutanix,NasdaqGS,Information Technology,Developed,1.477,7.042,1.754,-0.401,-18.3%,4.0x,-17.5x,2.5%,53.1%,119.9%,88.5%
2023-06-01,MXL,MaxLinear,NasdaqGS,Information Technology,Developed,0.622,2.282,1.105,0.101,15.5%,2.1x,22.6x,11.2%,16.0%,75.5%,65.3%
2023-06-01,EPAM,EPAM Systems,NYSE,Information Technology,Developed,0.544,14.936,4.864,0.432,12.9%,3.1x,34.6x,3.6%,15.2%,265.0%,55.7%
2023-06-01,CRUS,Cirrus Logic,NasdaqGS,Information Technology,Developed,0.592,4.31,1.898,0.177,18.2%,2.3x,24.4x,7.1%,10.8%,222.2%,70.7%
2023-06-01,ATEN,A10 Networks,NYSE,Information Technology,Developed,0.668,1.081,0.275,0.045,18.6%,3.9x,24.3x,3.6%,24.0%,140.3%,74.7%
2023-06-01,AGYS,Agilysys,NasdaqGS,Information Technology,Developed,0.164,1.824,0.198,0.015,6.8%,9.2x,143.1x,1.5%,12.3%,143.7%,83.0%
2023-05-01,TTMI,TTM Technologies,NasdaqGS,Information Technology,Developed,0.495,1.215,2.495,0.095,7.0%,0.5x,12.8x,14.0%,6.3%,52.9%,67.7%
2023-05-01,SYNA,Synaptics,NasdaqGS,Information Technology,Developed,0.491,3.557,1.748,0.234,21.9%,2.0x,15.2x,10.6%,19.8%,287.0%,52.4%
2023-05-01,SMTC,Semtech,NasdaqGS,Information Technology,Developed,1.55,1.231,0.757,0.061,11.4%,1.6x,20.1x,8.0%,8.2%,64.0%,29.4%
2023-05-01,RPD,Rapid7,NasdaqGM,Information Technology,Developed,1.156,2.939,0.685,-0.125,-16.3%,4.3x,-23.6x,2.0%,101.4%,54.9%,49.9%
2023-05-01,RNG,RingCentral,NYSE,Information Technology,Developed,2.168,2.702,1.988,-0.879,-17.5%,1.4x,-3.1x,5.9%,1,222.6%,41.4%,31.3%
2023-05-01,OLED,Universal Display,NasdaqGS,Information Technology,Developed,0.343,6.326,0.617,0.21,43.3%,10.3x,30.3x,1.3%,17.6%,425.8%,85.7%
2023-05-01,MXL,MaxLinear,NasdaqGS,Information Technology,Developed,0.599,1.962,1.105,0.101,15.5%,1.8x,19.4x,13.0%,16.0%,75.5%,45.7%
2023-05-01,MKSI,MKS Instruments,NasdaqGS,Information Technology,Developed,0.591,5.599,3.547,0.333,18.7%,1.6x,16.8x,6.5%,9.0%,95.6%,67.0%
2023-05-01,LSCC,Lattice Semiconductor,NasdaqGS,Information Technology,Developed,1.8,11.216,0.694,0.199,30.5%,16.2x,56.4x,1.9%,42.4%,115.4%,84.3%
2023-05-01,FORM,FormFactor,NasdaqGS,Information Technology,Developed,0.444,2.109,0.747,0.051,9.5%,2.8x,41.6x,3.2%,6.2%,159.1%,64.7%
2023-05-01,EXTR,Extreme Networks,NasdaqGS,Information Technology,Developed,1.343,2.25,1.227,0.058,6.9%,1.8x,38.8x,9.8%,57.4%,38.5%,82.9%
2023-05-01,DXC,DXC Technology,NYSE,Information Technology,Developed,1.684,5.435,14.847,0.731,9.0%,0.4x,7.6x,18.8%,15.3%,33.9%,66.3%
2023-05-01,CRUS,Cirrus Logic,NasdaqGS,Information Technology,Developed,0.629,4.7,2.015,0.327,20.8%,2.3x,14.4x,11.0%,19.9%,202.5%,76.5%
2023-05-01,AMKR,Amkor Technology,NasdaqGS,Information Technology,Developed,0.982,5.495,6.966,0.641,10.9%,0.8x,8.6x,4.7%,18.9%,85.9%,71.5%
2023-05-01,ALGM,Allegro MicroSystems,NasdaqGS,Information Technology,Developed,1.662,7.026,0.904,0.151,19.2%,7.8x,46.5x,1.7%,19.0%,243.6%,75.3%
2023-04-01,VECO,Veeco,NasdaqGS,Information Technology,Developed,0.434,1.09,0.646,0.167,9.5%,1.7x,6.5x,7.7%,32.9%,117.3%,76.8%
2023-04-01,TTMI,TTM Technologies,NasdaqGS,Information Technology,Developed,0.492,1.384,2.495,0.095,7.0%,0.6x,14.6x,12.3%,6.3%,52.9%,77.2%
2023-04-01,TER,Teradyne,NasdaqGS,Information Technology,Developed,1.638,16.745,3.155,0.716,27.6%,5.3x,23.4x,2.5%,28.5%,119.8%,89.8%
2023-04-01,SYNA,Synaptics,NasdaqGS,Information Technology,Developed,0.471,4.379,1.748,0.234,21.9%,2.5x,18.7x,8.6%,19.8%,287.0%,54.8%
2023-04-01,SMTC,Semtech,NasdaqGS,Information Technology,Developed,1.18,1.542,0.78,0.147,11.4%,2.0x,25.1x,6.4%,8.2%,64.0%,33.9%
2023-04-01,RNG,RingCentral,NYSE,Information Technology,Developed,2.088,2.964,1.988,-0.879,-17.5%,1.5x,-3.4x,5.4%,1,222.6%,41.4%,24.3%
2023-04-01,PLAB,Photronics,NasdaqGS,Information Technology,Developed,0.586,1.036,0.846,0.176,27.2%,1.2x,9.4x,11.5%,12.5%,187.6%,64.2%
2023-04-01,NTNX,Nutanix,NasdaqGS,Information Technology,Developed,1.519,5.981,1.636,-0.477,-23.8%,3.7x,-12.5x,1.1%,64.0%,120.9%,77.0%
2023-04-01,MKSI,MKS Instruments,NasdaqGS,Information Technology,Developed,0.668,5.908,3.547,0.333,18.7%,1.7x,17.7x,6.2%,9.0%,95.6%,58.5%
2023-04-01,INTC,Intel,NasdaqGS,Information Technology,Developed,47.014,135.2,63.054,8.017,3.7%,2.1x,16.9x,-7.1%,8.1%,88.1%,68.4%
2023-04-01,FORM,FormFactor,NasdaqGS,Information Technology,Developed,0.48,2.457,0.748,0.095,9.5%,3.3x,48.4x,2.7%,6.2%,159.1%,73.6%
2023-04-01,EXTR,Extreme Networks,NasdaqGS,Information Technology,Developed,1.405,2.47,1.18,0.049,6.3%,2.1x,50.7x,6.9%,63.2%,38.4%,90.9%
2023-04-01,DXC,DXC Technology,NYSE,Information Technology,Developed,1.669,5.82,14.847,0.731,9.0%,0.4x,8.1x,17.6%,15.3%,33.9%,71.0%
2023-04-01,AMKR,Amkor Technology,NasdaqGS,Information Technology,Developed,1.101,6.382,7.092,0.767,12.7%,0.9x,8.3x,3.0%,23.2%,74.7%,83.2%
2023-04-01,AKAM,Akamai,NasdaqGS,Information Technology,Developed,1.709,12.239,3.617,0.524,19.9%,3.4x,23.4x,8.4%,11.8%,135.0%,63.5%
2023-03-01,VIAV,Viavi Solutions,NasdaqGS,Information Technology,Developed,1.735,2.421,1.246,0.077,13.7%,1.9x,31.6x,4.3%,10.5%,147.7%,64.5%
2023-03-01,VECO,Veeco,NasdaqGS,Information Technology,Developed,0.341,1.119,0.646,0.167,9.5%,1.7x,6.7x,7.5%,32.9%,117.3%,76.3%
2023-03-01,SYNA,Synaptics,NasdaqGS,Information Technology,Developed,0.452,4.653,1.748,0.234,21.9%,2.7x,19.9x,8.1%,19.8%,287.0%,49.2%
2023-03-01,SMTC,Semtech,NasdaqGS,Information Technology,Developed,1.171,1.985,0.78,0.147,22.5%,2.5x,13.5x,8.3%,19.5%,443.2%,42.3%
2023-03-01,RPD,Rapid7,NasdaqGM,Information Technology,Developed,1.155,2.836,0.685,-0.125,-16.3%,4.1x,-22.7x,2.0%,101.4%,54.9%,39.9%
2023-03-01,RNG,RingCentral,NYSE,Information Technology,Developed,1.918,3.154,1.988,-0.879,-17.5%,1.6x,-3.6x,5.0%,1,222.6%,41.4%,25.5%
2023-03-01,QCOM,Qualcomm,NasdaqGS,Information Technology,Developed,7.771,137.9,42.958,11.772,31.4%,3.2x,11.6x,5.8%,78.7%,81.7%,74.1%
2023-03-01,PRO,PROS,NYSE,Information Technology,Developed,0.279,1.212,0.276,-0.082,-27.7%,4.4x,-14.7x,-2.0%,515.8%,126.5%,75.2%
2023-03-01,NTNX,Nutanix,NasdaqGS,Information Technology,Developed,1.947,6.551,1.636,-0.477,-23.8%,4.0x,-13.7x,1.0%,64.0%,120.9%,84.4%
2023-03-01,MXL,MaxLinear,NasdaqGS,Information Technology,Developed,0.525,2.73,1.12,0.101,16.5%,2.4x,21.8x,12.7%,21.5%,60.4%,54.3%
2023-03-01,MKSI,MKS Instruments,NasdaqGS,Information Technology,Developed,0.751,6.288,3.547,0.333,20.4%,1.8x,18.9x,5.8%,9.0%,95.6%,58.2%
2023-03-01,INTC,Intel,NasdaqGS,Information Technology,Developed,41.436,104.8,63.054,8.017,3.7%,1.7x,13.1x,-9.2%,8.1%,88.1%,50.4%
2023-03-01,AMKR,Amkor Technology,NasdaqGS,Information Technology,Developed,1.003,6.419,7.092,0.767,12.7%,0.9x,8.4x,3.0%,23.2%,74.7%,83.6%
2023-03-01,AKAM,Akamai,NasdaqGS,Information Technology,Developed,1.516,11.416,3.617,0.524,19.9%,3.2x,21.8x,9.1%,11.8%,135.0%,59.3%
2023-03-01,AGYS,Agilysys,NasdaqGS,Information Technology,Developed,0.155,1.998,0.198,0.015,7.0%,10.4x,187.6x,1.0%,10.4%,130.4%,93.9%
2023-02-01,ZM,Zoom Video,NasdaqGS,Information Technology,Developed,3.662,22.833,4.347,0.698,16.0%,5.3x,32.7x,5.2%,12.8%,272.4%,50.1%
2023-02-01,VYX,NCR Voyix,NYSE,Information Technology,Developed,0.993,3.857,0.787,0.14,9.7%,0.5x,32.4x,10.0%,9.1%,16.1%,63.0%
2023-02-01,VECO,Veeco,NasdaqGS,Information Technology,Developed,0.398,1.073,0.645,0.046,10.3%,1.7x,23.2x,5.7%,10.5%,104.1%,69.2%
2023-02-01,SYNA,Synaptics,NasdaqGS,Information Technology,Developed,0.47,5.296,1.815,0.281,23.1%,2.9x,18.8x,8.5%,24.2%,249.6%,55.4%
2023-02-01,SMTC,Semtech,NasdaqGS,Information Technology,Developed,1.214,2.197,0.78,0.147,22.5%,2.8x,14.9x,7.5%,19.5%,443.2%,46.4%
2023-02-01,RNG,RingCentral,NYSE,Information Technology,Developed,1.92,4.06,1.912,-0.714,-20.6%,2.1x,-5.7x,4.2%,714.8%,47.8%,23.6%
2023-02-01,OLED,Universal Display,NasdaqGS,Information Technology,Developed,0.359,6.417,0.594,0.191,40.5%,10.8x,33.8x,2.1%,16.9%,498.4%,77.6%
2023-02-01,NTNX,Nutanix,NasdaqGS,Information Technology,Developed,2.157,6.572,1.636,-0.477,-23.8%,4.0x,-13.8x,1.0%,64.0%,120.9%,84.7%
2023-02-01,MXL,MaxLinear,NasdaqGS,Information Technology,Developed,0.474,3.405,1.12,0.101,16.5%,3.0x,27.2x,10.2%,21.5%,60.4%,66.0%
2023-02-01,LITE,Lumentum Holdings,NasdaqGS,Information Technology,Developed,1.06,4.145,1.771,0.117,13.5%,2.3x,35.4x,7.8%,6.7%,202.4%,57.9%
2023-02-01,IPGP,IPG Photonics,NasdaqGS,Information Technology,Developed,0.268,5.592,1.46,0.269,22.3%,3.8x,20.9x,2.5%,10.1%,417.4%,70.9%
2023-02-01,INTC,Intel,NasdaqGS,Information Technology,Developed,38.915,120.3,63.054,8.017,3.7%,1.9x,15.0x,-8.0%,8.1%,88.1%,57.1%
2023-02-01,FORM,FormFactor,NasdaqGS,Information Technology,Developed,0.553,2.248,0.787,0.09,13.9%,2.9x,24.9x,4.3%,11.3%,153.6%,65.7%
2023-02-01,EXTR,Extreme Networks,NasdaqGS,Information Technology,Developed,1.316,2.354,1.18,0.049,6.3%,2.0x,48.3x,7.3%,63.2%,38.4%,86.6%
2023-02-01,DXC,DXC Technology,NYSE,Information Technology,Developed,1.665,6.635,14.847,0.731,9.5%,0.4x,9.2x,15.4%,14.8%,33.9%,72.7%
2023-01-01,ZM,Zoom Video,NasdaqGS,Information Technology,Developed,3.768,19.802,4.347,0.698,16.0%,4.6x,28.4x,6.0%,12.8%,272.4%,35.4%
2023-01-01,WDC,Western Digital,NasdaqGS,Information Technology,Developed,4.956,10.022,17.478,0.917,10.6%,0.6x,10.9x,1.7%,7.8%,41.3%,45.5%
2023-01-01,VYX,NCR Voyix,NYSE,Information Technology,Developed,1.287,3.217,0.787,0.14,9.7%,0.4x,27.0x,12.0%,9.1%,16.1%,52.5%
2023-01-01,UCTT,Ultra Clean,NasdaqGS,Information Technology,Developed,0.281,1.508,2.423,0.071,9.8%,0.6x,26.0x,2.9%,7.0%,111.3%,54.8%
2023-01-01,SMTC,Semtech,NasdaqGS,Information Technology,Developed,1.378,1.832,0.78,0.147,22.5%,2.3x,12.4x,9.1%,19.5%,443.2%,31.1%
2023-01-01,RNG,RingCentral,NYSE,Information Technology,Developed,2.156,3.399,1.912,-0.714,-20.6%,1.8x,-4.8x,5.0%,714.8%,47.8%,17.9%
2023-01-01,QRVO,Qorvo,NasdaqGS,Information Technology,Developed,1.278,9.19,4.474,0.686,22.4%,2.1x,13.4x,8.8%,15.2%,119.3%,55.6%
2023-01-01,OLED,Universal Display,NasdaqGS,Information Technology,Developed,0.364,5.103,0.594,0.191,40.5%,8.6x,26.9x,2.7%,16.9%,498.4%,61.1%
2023-01-01,NTNX,Nutanix,NasdaqGS,Information Technology,Developed,2.611,5.994,1.636,-0.477,-23.8%,3.7x,-12.6x,1.1%,64.0%,120.9%,77.2%
2023-01-01,MU,Micron,NasdaqGS,Information Technology,Developed,17.491,54.537,27.156,6.186,25.2%,2.0x,8.8x,1.7%,13.0%,162.2%,51.2%
2023-01-01,MKSI,MKS Instruments,NasdaqGS,Information Technology,Developed,0.804,5.635,3.225,0.429,21.4%,1.7x,13.1x,7.2%,12.5%,87.5%,47.2%
2023-01-01,LITE,Lumentum Holdings,NasdaqGS,Information Technology,Developed,1.077,3.556,1.771,0.117,13.5%,2.0x,30.4x,9.1%,6.7%,202.4%,47.9%
2023-01-01,IPGP,IPG Photonics,NasdaqGS,Information Technology,Developed,0.277,4.612,1.46,0.269,22.3%,3.2x,17.2x,3.1%,10.1%,417.4%,53.6%
2023-01-01,FORM,FormFactor,NasdaqGS,Information Technology,Developed,0.645,1.712,0.787,0.09,13.9%,2.2x,18.9x,5.6%,11.3%,153.6%,46.8%
2023-01-01,DXC,DXC Technology,NYSE,Information Technology,Developed,2.106,6.097,15.367,0.772,9.2%,0.4x,8.1x,18.2%,16.1%,38.5%,66.8%
2022-12-01,ZM,Zoom Video,NasdaqGS,Information Technology,Developed,4.069,22.635,4.347,0.698,16.0%,5.2x,32.4x,5.3%,12.8%,272.4%,37.7%
2022-12-01,WDC,Western Digital,NasdaqGS,Information Technology,Developed,4.929,11.385,18.793,1.5,13.1%,0.7x,12.4x,1.5%,7.8%,41.3%,51.7%
2022-12-01,VYX,NCR Voyix,NYSE,Information Technology,Developed,1.757,3.266,0.787,0.14,9.7%,0.4x,27.4x,11.8%,9.1%,16.1%,51.8%
2022-12-01,SYNA,Synaptics,NasdaqGS,Information Technology,Developed,0.577,4.196,1.815,0.281,23.1%,2.3x,14.9x,10.7%,24.2%,249.6%,35.2%
2022-12-01,SMTC,Semtech,NasdaqGS,Information Technology,Developed,1.25,1.904,0.78,0.159,22.5%,2.4x,12.9x,8.7%,19.5%,443.2%,32.4%
2022-12-01,RNG,RingCentral,NYSE,Information Technology,Developed,2.11,3.732,1.912,-0.714,-20.6%,2.0x,-5.2x,4.5%,714.8%,47.8%,17.9%
2022-12-01,QRVO,Qorvo,NasdaqGS,Information Technology,Developed,1.359,9.86,4.474,0.686,22.4%,2.2x,14.4x,8.2%,15.2%,119.3%,59.3%
2022-12-01,OLED,Universal Display,NasdaqGS,Information Technology,Developed,0.428,5.333,0.594,0.191,40.5%,9.0x,28.1x,2.6%,16.9%,498.4%,63.6%
2022-12-01,NTNX,Nutanix,NasdaqGS,Information Technology,Developed,2.743,7.027,1.636,-0.477,-23.8%,4.3x,-14.7x,0.9%,64.0%,120.9%,88.0%
2022-12-01,MXL,MaxLinear,NasdaqGS,Information Technology,Developed,0.611,2.879,1.078,0.122,15.7%,2.7x,23.6x,10.4%,22.8%,57.0%,47.0%
2022-12-01,MKSI,MKS Instruments,NasdaqGS,Information Technology,Developed,0.747,5.539,3.225,0.429,21.4%,1.7x,12.9x,7.3%,12.5%,87.5%,46.4%
2022-12-01,LITE,Lumentum Holdings,NasdaqGS,Information Technology,Developed,1.012,3.705,1.771,0.117,13.5%,2.1x,31.7x,8.7%,6.7%,202.4%,49.9%
2022-12-01,IPGP,IPG Photonics,NasdaqGS,Information Technology,Developed,0.299,4.52,1.491,0.267,23.7%,3.1x,16.9x,3.1%,10.1%,417.4%,52.5%
2022-12-01,FORM,FormFactor,NasdaqGS,Information Technology,Developed,0.631,1.816,0.787,0.09,13.9%,2.3x,20.1x,5.3%,11.3%,153.6%,49.7%
2022-12-01,DXC,DXC Technology,NYSE,Information Technology,Developed,3.113,6.773,15.37,0.772,9.2%,0.4x,8.9x,16.3%,16.1%,38.5%,74.2%
2022-11-01,ZM,Zoom Video,NasdaqGS,Information Technology,Developed,4.37,24.672,4.295,0.99,19.7%,5.7x,24.9x,5.2%,18.6%,295.7%,28.5%
2022-11-01,WDC,Western Digital,NasdaqGS,Information Technology,Developed,4.62,11.335,18.793,1.5,13.1%,0.6x,12.4x,1.5%,7.8%,41.3%,51.5%
2022-11-01,VYX,NCR Voyix,NYSE,Information Technology,Developed,1.961,2.935,0.787,0.14,9.7%,0.4x,24.7x,13.2%,9.1%,16.1%,46.5%
2022-11-01,VNT,Vontier,NYSE,Information Technology,Developed,1.219,3.091,3.083,0.523,19.9%,1.0x,5.9x,8.4%,123.9%,30.9%,56.8%
2022-11-01,VISN,Vistacent Networks,NasdaqGS,Information Technology,Developed,2.92,2.702,0.886,-0.412,3.2%,0.3x,-5.8x,-6.7%,233.4%,10.6%,94.5%
2022-11-01,SYNA,Synaptics,NasdaqGS,Information Technology,Developed,0.545,3.601,1.74,0.258,21.2%,2.1x,14.0x,12.0%,23.1%,189.0%,30.1%
2022-11-01,SWKS,Skyworks Solutions,NasdaqGS,Information Technology,Developed,1.959,13.866,5.389,1.299,28.3%,2.6x,10.7x,7.0%,25.2%,53.8%,50.6%
2022-11-01,SMTC,Semtech,NasdaqGS,Information Technology,Developed,1.277,1.781,0.78,0.159,21.8%,2.2x,11.2x,12.1%,21.1%,268.4%,29.5%
2022-11-01,QRVO,Qorvo,NasdaqGS,Information Technology,Developed,1.311,8.928,4.571,0.816,24.2%,2.0x,10.9x,8.8%,18.3%,119.5%,48.5%
2022-11-01,OLED,Universal Display,NasdaqGS,Information Technology,Developed,0.449,4.58,0.577,0.183,39.8%,7.9x,25.1x,3.8%,16.9%,420.9%,52.0%
2022-11-01,MKSI,MKS Instruments,NasdaqGS,Information Technology,Developed,0.621,5.547,3.013,0.555,24.0%,1.8x,10.0x,6.6%,19.3%,233.5%,46.3%
2022-11-01,IPGP,IPG Photonics,NasdaqGS,Information Technology,Developed,0.308,4.164,1.491,0.267,23.7%,2.9x,15.5x,3.4%,10.1%,417.4%,47.3%
2022-11-01,INTC,Intel,NasdaqGS,Information Technology,Developed,42.642,116.8,69.54,13.301,11.5%,1.7x,8.8x,-11.4%,14.0%,81.1%,51.6%
2022-11-01,FORM,FormFactor,NasdaqGS,Information Technology,Developed,0.553,1.543,0.787,0.09,13.9%,2.0x,17.1x,6.2%,11.3%,153.6%,42.1%
2022-11-01,DELL,Dell Technologies,NYSE,Information Technology,Developed,3.243,28.695,107,5.417,5.1%,0.3x,5.5x,13.1%,533.3%,10.1%,65.2%
2022-10-01,ZM,Zoom Video,NasdaqGS,Information Technology,Developed,4.599,21.904,4.295,0.99,19.7%,5.1x,22.1x,5.9%,18.6%,295.7%,25.3%
2022-10-01,WDC,Western Digital,NasdaqGS,Information Technology,Developed,3.69,10.237,18.793,1.5,13.1%,0.5x,6.8x,7.4%,13.1%,44.5%,46.9%
2022-10-01,VNT,Vontier,NYSE,Information Technology,Developed,1.108,2.639,3.083,0.523,19.9%,0.9x,5.0x,9.9%,123.9%,30.9%,48.4%
2022-10-01,UCTT,Ultra Clean,NasdaqGS,Information Technology,Developed,0.299,1.17,2.342,0.092,9.8%,0.5x,14.6x,2.2%,9.9%,106.6%,42.3%
2022-10-01,SYNA,Synaptics,NasdaqGS,Information Technology,Developed,0.465,3.96,1.74,0.258,21.2%,2.3x,15.4x,10.9%,23.1%,189.0%,33.1%
2022-10-01,SWKS,Skyworks Solutions,NasdaqGS,Information Technology,Developed,1.825,13.681,5.389,1.299,28.3%,2.5x,10.5x,7.1%,25.2%,53.8%,49.9%
2022-10-01,SMTC,Semtech,NasdaqGS,Information Technology,Developed,0.938,1.868,0.797,0.159,21.8%,2.3x,11.8x,11.6%,21.1%,268.4%,31.0%
2022-10-01,QRVO,Qorvo,NasdaqGS,Information Technology,Developed,1.311,8.195,4.571,0.816,24.2%,1.8x,10.0x,9.6%,18.3%,119.5%,44.5%
2022-10-01,OLED,Universal Display,NasdaqGS,Information Technology,Developed,0.447,4.456,0.577,0.183,39.8%,7.7x,24.4x,3.9%,16.9%,420.9%,50.5%
2022-10-01,MKSI,MKS Instruments,NasdaqGS,Information Technology,Developed,0.598,5.495,3.013,0.555,24.0%,1.8x,9.9x,6.7%,19.3%,233.5%,45.9%
2022-10-01,IPGP,IPG Photonics,NasdaqGS,Information Technology,Developed,0.298,4.235,1.491,0.267,23.7%,2.8x,15.9x,3.6%,10.0%,390.8%,46.7%
2022-10-01,INTC,Intel,NasdaqGS,Information Technology,Developed,40.341,105.8,73.394,19.105,17.4%,1.4x,5.5x,-1.5%,20.5%,99.4%,47.0%
2022-10-01,IDCC,InterDigital,NasdaqGS,Information Technology,Developed,0.249,1.199,0.481,0.083,33.3%,2.5x,13.8x,9.5%,12.6%,386.6%,55.3%
2022-10-01,DXC,DXC Technology,NYSE,Information Technology,Developed,2.571,5.627,15.831,0.557,9.3%,0.4x,10.4x,26.1%,11.1%,35.3%,61.7%
2022-10-01,DELL,Dell Technologies,NYSE,Information Technology,Developed,3.274,25.045,107,5.417,5.1%,0.2x,4.8x,15.0%,533.3%,10.1%,56.3%
2022-09-01,ZM,Zoom Video,NasdaqGS,Information Technology,Developed,4.991,24.151,4.295,0.99,19.7%,5.6x,24.4x,5.4%,18.6%,295.7%,26.5%
2022-09-01,WDC,Western Digital,NasdaqGS,Information Technology,Developed,3.382,13.206,18.793,1.5,13.1%,0.7x,8.8x,5.7%,13.1%,44.5%,60.5%
2022-09-01,UCTT,Ultra Clean,NasdaqGS,Information Technology,Developed,0.35,1.289,2.342,0.092,9.8%,0.6x,16.1x,2.0%,9.9%,106.6%,46.6%
2022-09-01,TER,Teradyne,NasdaqGS,Information Technology,Developed,1.77,12.978,3.432,0.841,30.0%,3.8x,15.4x,6.4%,35.1%,98.1%,49.2%
2022-09-01,SYNA,Synaptics,NasdaqGS,Information Technology,Developed,0.432,4.478,1.74,0.258,21.2%,2.6x,17.4x,9.6%,23.1%,189.0%,37.7%
2022-09-01,SWKS,Skyworks Solutions,NasdaqGS,Information Technology,Developed,1.886,15.979,5.389,1.299,28.3%,3.0x,12.3x,6.1%,25.2%,53.8%,54.7%
2022-09-01,SMTC,Semtech,NasdaqGS,Information Technology,Developed,0.754,2.137,0.797,0.159,21.8%,2.7x,13.5x,10.1%,21.1%,268.4%,35.5%
2022-09-01,QRVO,Qorvo,NasdaqGS,Information Technology,Developed,1.318,9.297,4.571,0.816,24.2%,2.0x,11.4x,8.5%,18.3%,119.5%,47.9%
2022-09-01,OLED,Universal Display,NasdaqGS,Information Technology,Developed,0.428,5.144,0.577,0.183,39.8%,8.9x,28.2x,3.4%,16.9%,420.9%,52.2%
2022-09-01,MXL,MaxLinear,NasdaqGS,Information Technology,Developed,0.675,2.687,1.022,0.103,13.8%,2.6x,26.1x,11.9%,20.5%,74.4%,44.0%
2022-09-01,MKSI,MKS Instruments,NasdaqGS,Information Technology,Developed,0.582,6.447,3.013,0.555,24.0%,2.1x,11.6x,5.7%,19.3%,233.5%,53.8%
2022-09-01,IPGP,IPG Photonics,NasdaqGS,Information Technology,Developed,0.473,4.542,1.491,0.267,23.7%,3.0x,17.0x,3.4%,10.0%,390.8%,50.1%
2022-09-01,DXC,DXC Technology,NYSE,Information Technology,Developed,1.706,6.138,15.831,0.557,9.3%,0.4x,11.3x,23.9%,11.1%,35.3%,67.3%
2022-09-01,DELL,Dell Technologies,NYSE,Information Technology,Developed,3.343,27.596,107,5.417,5.1%,0.3x,5.3x,13.6%,533.3%,10.1%,62.1%
2022-09-01,CGNX,Cognex,NasdaqGS,Information Technology,Developed,1.134,7.373,1.086,0.259,28.9%,6.8x,28.5x,2.6%,18.3%,187.1%,46.3%
2022-08-01,ZM,Zoom Video,NasdaqGS,Information Technology,Developed,5.359,31.446,4.217,1.262,25.9%,7.5x,24.9x,4.8%,24.9%,316.5%,26.1%
2022-08-01,WDC,Western Digital,NasdaqGS,Information Technology,Developed,3.906,15.383,19.185,1.821,14.7%,0.8x,8.4x,9.2%,16.6%,57.0%,70.2%
2022-08-01,UCTT,Ultra Clean,NasdaqGS,Information Technology,Developed,0.385,1.536,2.342,0.092,9.8%,0.7x,19.1x,2.0%,10.0%,106.4%,56.0%
2022-08-01,TER,Teradyne,NasdaqGS,Information Technology,Developed,1.775,16.068,3.432,0.841,30.0%,4.7x,19.1x,5.2%,35.1%,98.1%,59.5%
2022-08-01,SQSP,Squarespace,NYSE,Information Technology,Developed,0.71,2.964,0.829,-0.042,-1.9%,3.6x,-69.2x,4.5%,106.7%,58.4%,40.3%
2022-08-01,QRVO,Qorvo,NasdaqGS,Information Technology,Developed,1.459,10.667,4.646,1.033,28.0%,2.3x,10.3x,7.8%,22.5%,144.5%,51.0%
2022-08-01,OLED,Universal Display,NasdaqGS,Information Technology,Developed,0.434,5.47,0.57,0.183,39.7%,9.6x,30.2x,3.1%,17.4%,382.9%,49.2%
2022-08-01,NTNX,Nutanix,NasdaqGS,Information Technology,Developed,2.826,3.412,1.586,-1.005,-29.4%,2.2x,-3.4x,-1.4%,136.8%,114.5%,34.2%
2022-08-01,MXL,MaxLinear,NasdaqGS,Information Technology,Developed,0.957,3.154,1.022,0.103,13.8%,3.1x,30.6x,9.2%,20.5%,74.4%,51.7%
2022-08-01,MTSI,MACOM Tech,NasdaqGS,Information Technology,Developed,0.412,4.048,0.652,0.218,17.7%,6.2x,18.6x,3.3%,41.8%,528.8%,72.1%
2022-08-01,IPGP,IPG Photonics,NasdaqGS,Information Technology,Developed,0.653,5.585,1.485,0.279,24.1%,3.8x,20.0x,3.5%,10.5%,506.3%,48.8%
2022-08-01,DXC,DXC Technology,NYSE,Information Technology,Developed,1.753,7.269,16.265,0.736,9.5%,0.4x,10.1x,17.2%,14.3%,39.0%,71.6%
2022-08-01,CVLT,Commvault,NasdaqGS,Information Technology,Developed,0.261,2.517,0.784,0.232,4.1%,3.2x,108.3x,6.3%,7.4%,72.7%,66.7%
2022-08-01,AMKR,Amkor Technology,NasdaqGS,Information Technology,Developed,0.901,5.011,6.507,0.696,12.6%,0.8x,7.2x,5.6%,24.1%,62.1%,69.9%
2022-08-01,AGYS,Agilysys,NasdaqGS,Information Technology,Developed,0.121,1.195,0.171,0.058,5.7%,7.0x,209.3x,1.6%,6.1%,151.2%,81.7%
2022-07-01,ZM,Zoom Video,NasdaqGS,Information Technology,Developed,5.316,33.111,4.217,1.262,25.9%,7.9x,26.3x,4.6%,24.9%,316.5%,27.3%
2022-07-01,WDC,Western Digital,NasdaqGS,Information Technology,Developed,4.32,13.598,19.185,1.821,14.7%,0.7x,7.5x,10.4%,16.6%,57.0%,60.2%
2022-07-01,TER,Teradyne,NasdaqGS,Information Technology,Developed,1.795,13.745,3.677,0.971,31.9%,3.7x,14.2x,6.8%,40.5%,151.2%,50.9%
2022-07-01,SWKS,Skyworks Solutions,NasdaqGS,Information Technology,Developed,2.244,14.664,5.273,1.37,29.1%,2.8x,10.7x,7.1%,27.7%,111.2%,46.9%
2022-07-01,QRVO,Qorvo,NasdaqGS,Information Technology,Developed,1.428,9.592,4.646,1.033,28.0%,2.1x,9.3x,8.7%,22.5%,144.5%,45.9%
2022-07-01,OLED,Universal Display,NasdaqGS,Information Technology,Developed,0.447,4.826,0.57,0.182,39.7%,8.5x,26.6x,3.5%,17.4%,382.9%,43.4%
2022-07-01,NTNX,Nutanix,NasdaqGS,Information Technology,Developed,2.826,3.412,1.586,-1.005,-29.4%,2.2x,-3.4x,-1.4%,136.8%,114.5%,34.2%
2022-07-01,MTSI,MACOM Tech,NasdaqGS,Information Technology,Developed,0.467,3.094,0.633,0.201,17.3%,4.9x,15.4x,4.5%,41.5%,533.3%,55.1%
2022-07-01,MKSI,MKS Instruments,NasdaqGS,Information Technology,Developed,0.653,5.361,2.998,0.572,24.9%,1.8x,9.4x,8.9%,20.8%,241.5%,53.4%
2022-07-01,LRCX,Lam Research,NasdaqGS,Information Technology,Developed,1.374,54.769,16.737,4.541,31.2%,3.3x,12.1x,6.5%,79.7%,103.8%,54.3%
2022-07-01,IPGP,IPG Photonics,NasdaqGS,Information Technology,Developed,0.757,4.717,1.485,0.279,24.1%,3.2x,16.9x,4.2%,10.5%,506.3%,41.2%
2022-07-01,INTC,Intel,NasdaqGS,Information Technology,Developed,35.504,148.6,77.704,24.62,24.8%,1.9x,6.0x,6.6%,26.9%,132.0%,65.1%
2022-07-01,DXC,DXC Technology,NYSE,Information Technology,Developed,1.949,6.876,16.265,0.736,9.5%,0.4x,9.6x,17.2%,14.3%,39.0%,67.8%
2022-07-01,AMKR,Amkor Technology,NasdaqGS,Information Technology,Developed,0.975,3.779,6.409,0.697,13.0%,0.6x,5.4x,7.5%,25.1%,71.6%,52.7%
2022-07-01,AMAT,Applied Materials,NasdaqGS,Information Technology,Developed,8.441,75.05,24.835,6.756,31.9%,3.0x,11.1x,6.9%,57.3%,59.0%,51.9%
2022-06-01,ZM,Zoom Video,NasdaqGS,Information Technology,Developed,5.562,32.12,4.217,1.262,25.9%,7.6x,25.5x,4.7%,24.9%,316.5%,26.5%
2022-06-01,UCTT,Ultra Clean,NasdaqGS,Information Technology,Developed,0.457,1.461,2.248,0.132,9.4%,0.6x,11.9x,-0.2%,17.0%,87.9%,53.2%
2022-06-01,TER,Teradyne,NasdaqGS,Information Technology,Developed,1.735,17.084,3.677,0.971,31.9%,4.6x,17.6x,5.4%,40.5%,151.2%,63.3%
2022-06-01,SYNA,Synaptics,NasdaqGS,Information Technology,Developed,0.591,5.751,1.591,0.193,20.2%,3.6x,29.7x,6.6%,18.5%,192.1%,48.5%
2022-06-01,SWKS,Skyworks Solutions,NasdaqGS,Information Technology,Developed,2.158,17.263,5.273,1.37,29.1%,3.3x,12.6x,6.1%,27.7%,111.2%,55.2%
2022-06-01,QRVO,Qorvo,NasdaqGS,Information Technology,Developed,1.359,11.62,4.646,1.033,28.0%,2.5x,11.2x,7.2%,22.5%,144.5%,54.4%
2022-06-01,QCOM,Qualcomm,NasdaqGS,Information Technology,Developed,11.078,157.8,39.264,11.159,32.6%,4.0x,14.1x,4.6%,107.5%,86.0%,73.0%
2022-06-01,OLED,Universal Display,NasdaqGS,Information Technology,Developed,0.415,5.94,0.57,0.182,39.7%,10.4x,32.7x,2.9%,17.4%,382.9%,53.3%
2022-06-01,NTNX,Nutanix,NasdaqGS,Information Technology,Developed,2.395,3.527,1.586,-1.005,-29.6%,2.2x,-3.5x,-1.3%,136.8%,114.5%,35.9%
2022-06-01,MXL,MaxLinear,NasdaqGS,Information Technology,Developed,0.88,3.085,0.947,0.072,10.9%,3.3x,43.0x,7.3%,15.1%,72.5%,51.2%
2022-06-01,MKSI,MKS Instruments,NasdaqGS,Information Technology,Developed,0.621,6.768,2.998,0.572,24.9%,2.3x,11.8x,7.0%,20.8%,241.5%,65.3%
2022-06-01,IPGP,IPG Photonics,NasdaqGS,Information Technology,Developed,0.723,5.305,1.485,0.279,24.1%,3.6x,19.0x,3.7%,10.5%,506.3%,46.4%
2022-06-01,DXC,DXC Technology,NYSE,Information Technology,Developed,2.263,7.975,16.265,0.736,9.5%,0.5x,11.1x,15.6%,14.3%,39.0%,78.2%
2022-06-01,CIEN,Ciena Corp,NYSE,Information Technology,Developed,1.485,7.812,3.708,0.49,12.6%,2.1x,15.9x,5.2%,18.2%,207.7%,65.6%
2022-06-01,AMKR,Amkor Technology,NasdaqGS,Information Technology,Developed,0.916,4.967,6.409,0.697,13.0%,0.8x,7.2x,5.7%,25.1%,71.6%,69.1%
2022-05-01,ZM,Zoom Video,NasdaqGS,Information Technology,Developed,4.69,29.784,4.1,1.376,27.6%,7.3x,21.7x,4.9%,28.5%,343.1%,24.5%
2022-05-01,ZETA,Zeta Global Holdings,NYSE,Information Technology,Developed,1.004,2.157,0.458,-0.25,-53.1%,4.7x,-8.4x,1.6%,345.1%,98.2%,80.5%
2022-05-01,WDC,Western Digital,NasdaqGS,Information Technology,Developed,3.698,16.607,19.185,1.821,13.8%,0.9x,9.1x,7.8%,16.6%,57.0%,67.9%
2022-05-01,UCTT,Ultra Clean,NasdaqGS,Information Technology,Developed,0.454,1.419,2.248,0.132,9.4%,0.6x,11.6x,-0.2%,17.0%,87.9%,51.2%
2022-05-01,SYNA,Synaptics,NasdaqGS,Information Technology,Developed,0.558,5.867,1.447,0.142,17.6%,4.1x,41.2x,6.8%,14.6%,157.1%,49.6%
2022-05-01,SQSP,Squarespace,NYSE,Information Technology,Developed,0.534,2.794,0.784,-0.249,2.2%,3.6x,-11.2x,4.0%,73.8%,63.9%,30.9%
2022-05-01,QRVO,Qorvo,NasdaqGS,Information Technology,Developed,1.359,12.337,4.552,1.12,28.2%,2.7x,11.0x,7.0%,24.4%,146.8%,56.5%
2022-05-01,OLED,Universal Display,NasdaqGS,Information Technology,Developed,0.417,6.03,0.554,0.184,41.1%,10.9x,32.9x,2.5%,18.2%,352.9%,54.1%
2022-05-01,MKSI,MKS Instruments,NasdaqGS,Information Technology,Developed,0.626,6.328,2.998,0.572,24.9%,2.1x,11.1x,7.5%,20.8%,241.5%,59.7%
2022-05-01,LRCX,Lam Research,NasdaqGS,Information Technology,Developed,1.396,64.608,16.737,4.541,31.2%,3.9x,14.2x,5.5%,79.7%,103.8%,63.8%
2022-05-01,IPGP,IPG Photonics,NasdaqGS,Information Technology,Developed,0.655,4.964,1.461,0.277,24.1%,3.4x,17.8x,5.4%,10.4%,483.2%,41.2%
2022-05-01,EPAM,EPAM Systems,NYSE,Information Technology,Developed,1.429,15.072,3.758,0.482,14.5%,4.0x,31.3x,3.1%,21.5%,189.5%,36.5%
2022-05-01,AMKR,Amkor Technology,NasdaqGS,Information Technology,Developed,0.994,4.604,6.138,0.646,12.5%,0.8x,7.2x,7.4%,24.4%,64.2%,64.0%
2022-05-01,AMAT,Applied Materials,NasdaqGS,Information Technology,Developed,8.061,97.483,24.172,6.55,32.1%,4.0x,14.9x,6.1%,56.1%,91.6%,66.2%
